Year,Day,Month,Weekday,Time slot,Number of trips,Average number of journeys,Total duration of journeys (mn),DurÃ©e moyenne d'un trajet
2015,4,April,Wednesday,00H - 01H,12,0.05607476636,127,10.58333333
2015,4,April,Wednesday,01H - 02H,16,0.07476635514,98,6.125
2015,4,April,Wednesday,02H - 03H,7,0.03271028037,56,8
2015,4,April,Wednesday,03H - 04H,3,0.01401869159,26,8.666666667
2015,4,April,Wednesday,04H - 05H,2,0.009345794393,38,19
2015,4,April,Wednesday,05H - 06H,7,0.03271028037,93,13.28571429
2015,4,April,Wednesday,06H - 07H,151,0.7056074766,3955,26.19205298
2015,4,April,Wednesday,07H - 08H,349,1.630841121,4354,12.4756447
2015,4,April,Wednesday,08H - 09H,481,2.247663551,5539,11.51559252
2015,4,April,Wednesday,09H - 10H,361,1.686915888,8110,22.46537396
2015,4,April,Wednesday,10H - 11H,192,0.8971962617,4431,23.078125
2015,4,April,Wednesday,11H - 12H,247,1.154205607,3300,13.36032389
2015,4,April,Wednesday,12H - 13H,327,1.528037383,8306,25.40061162
2015,4,April,Wednesday,13H - 14H,278,1.299065421,46205,166.205036
2015,4,April,Wednesday,14H - 15H,269,1.257009346,4543,16.88847584
2015,4,April,Wednesday,15H - 16H,297,1.387850467,3869,13.02693603
2015,4,April,Wednesday,16H - 17H,438,2.046728972,5135,11.72374429
2015,4,April,Wednesday,17H - 18H,677,3.163551402,7613,11.24519941
2015,4,April,Wednesday,18H - 19H,633,2.957943925,7271,11.48657188
2015,4,April,Wednesday,19H - 20H,398,1.859813084,6524,16.3919598
2015,4,April,Wednesday,20H - 21H,328,1.53271028,13240,40.36585366
2015,4,April,Wednesday,21H - 22H,196,0.9158878505,14087,71.87244898
2015,4,April,Wednesday,22H - 23H,96,0.4485981308,935,9.739583333
2015,4,April,Wednesday,23H - 24H,55,0.2570093458,526,9.563636364
2015,4,April,Thursday,00H - 01H,21,0.09813084112,192,9.142857143
2015,4,April,Thursday,01H - 02H,15,0.07009345794,221,14.73333333
2015,4,April,Thursday,02H - 03H,6,0.02803738318,54,9
2015,4,April,Thursday,03H - 04H,4,0.01869158879,30,7.5
2015,4,April,Thursday,04H - 05H,1,0.004672897196,8,8
2015,4,April,Thursday,06H - 07H,179,0.8364485981,3054,17.06145251
2015,4,April,Thursday,07H - 08H,367,1.714953271,4554,12.40871935
2015,4,April,Thursday,08H - 09H,646,3.018691589,9177,14.20588235
2015,4,April,Thursday,09H - 10H,459,2.144859813,7796,16.98474946
2015,4,April,Thursday,10H - 11H,258,1.205607477,24268,94.0620155
2015,4,April,Thursday,11H - 12H,331,1.546728972,12433,37.56193353
2015,4,April,Thursday,12H - 13H,463,2.163551402,5742,12.40172786
2015,4,April,Thursday,13H - 14H,342,1.598130841,50450,147.5146199
2015,4,April,Thursday,14H - 15H,355,1.658878505,4875,13.73239437
2015,4,April,Thursday,15H - 16H,405,1.892523364,5281,13.03950617
2015,4,April,Thursday,16H - 17H,567,2.64953271,8067,14.22751323
2015,4,April,Thursday,17H - 18H,746,3.485981308,9598,12.86595174
2015,4,April,Thursday,18H - 19H,676,3.158878505,8230,12.17455621
2015,4,April,Thursday,19H - 20H,541,2.528037383,9104,16.82809612
2015,4,April,Thursday,20H - 21H,422,1.971962617,11259,26.68009479
2015,4,April,Thursday,21H - 22H,247,1.154205607,8789,35.58299595
2015,4,April,Thursday,22H - 23H,183,0.8551401869,1828,9.989071038
2015,4,April,Thursday,23H - 24H,111,0.5186915888,939,8.459459459
2015,4,April,Friday,00H - 01H,31,0.1448598131,255,8.225806452
2015,4,April,Friday,01H - 02H,14,0.06542056075,105,7.5
2015,4,April,Friday,02H - 03H,5,0.02336448598,47,9.4
2015,4,April,Friday,03H - 04H,7,0.03271028037,42,6
2015,4,April,Friday,04H - 05H,5,0.02336448598,26,5.2
2015,4,April,Friday,05H - 06H,1,0.004672897196,11,11
2015,4,April,Friday,06H - 07H,151,0.7056074766,4756,31.49668874
2015,4,April,Friday,07H - 08H,293,1.369158879,3705,12.64505119
2015,4,April,Friday,08H - 09H,494,2.308411215,5824,11.78947368
2015,4,April,Friday,09H - 10H,347,1.621495327,6595,19.00576369
2015,4,April,Friday,10H - 11H,183,0.8551401869,2342,12.79781421
2015,4,April,Friday,11H - 12H,249,1.163551402,4848,19.46987952
2015,4,April,Friday,12H - 13H,300,1.401869159,3342,11.14
2015,4,April,Friday,13H - 14H,235,1.098130841,2929,12.46382979
2015,4,April,Friday,14H - 15H,223,1.042056075,3015,13.52017937
2015,4,April,Friday,15H - 16H,354,1.654205607,4255,12.01977401
2015,4,April,Friday,16H - 17H,388,1.813084112,5011,12.91494845
2015,4,April,Friday,17H - 18H,478,2.23364486,5795,12.12343096
2015,4,April,Friday,18H - 19H,389,1.817757009,5145,13.22622108
2015,4,April,Friday,19H - 20H,266,1.242990654,4158,15.63157895
2015,4,April,Friday,20H - 21H,258,1.205607477,12568,48.71317829
2015,4,April,Friday,21H - 22H,172,0.8037383178,45713,265.7732558
2015,4,April,Friday,22H - 23H,86,0.4018691589,966,11.23255814
2015,4,April,Friday,23H - 24H,68,0.3177570093,775,11.39705882
2015,4,April,Saturday,00H - 01H,61,0.285046729,650,10.6557377
2015,4,April,Saturday,01H - 02H,52,0.2429906542,466,8.961538462
2015,4,April,Saturday,02H - 03H,31,0.1448598131,326,10.51612903
2015,4,April,Saturday,03H - 04H,26,0.1214953271,319,12.26923077
2015,4,April,Saturday,04H - 05H,16,0.07476635514,134,8.375
2015,4,April,Saturday,05H - 06H,6,0.02803738318,53,8.833333333
2015,4,April,Saturday,06H - 07H,10,0.04672897196,99,9.9
2015,4,April,Saturday,07H - 08H,18,0.08411214953,197,10.94444444
2015,4,April,Saturday,08H - 09H,82,0.3831775701,1444,17.6097561
2015,4,April,Saturday,09H - 10H,139,0.6495327103,2727,19.61870504
2015,4,April,Saturday,10H - 11H,141,0.6588785047,3106,22.02836879
2015,4,April,Saturday,11H - 12H,174,0.8130841121,15657,89.98275862
2015,4,April,Saturday,12H - 13H,230,1.074766355,4025,17.5
2015,4,April,Saturday,13H - 14H,255,1.191588785,6301,24.70980392
2015,4,April,Saturday,14H - 15H,301,1.406542056,5242,17.41528239
2015,4,April,Saturday,15H - 16H,305,1.425233645,5696,18.67540984
2015,4,April,Saturday,16H - 17H,266,1.242990654,3927,14.76315789
2015,4,April,Saturday,17H - 18H,307,1.434579439,4581,14.9218241
2015,4,April,Saturday,18H - 19H,295,1.378504673,4715,15.98305085
2015,4,April,Saturday,19H - 20H,287,1.341121495,4166,14.51567944
2015,4,April,Saturday,20H - 21H,293,1.369158879,3860,13.17406143
2015,4,April,Saturday,21H - 22H,191,0.8925233645,2525,13.21989529
2015,4,April,Saturday,22H - 23H,127,0.5934579439,1662,13.08661417
2015,4,April,Saturday,23H - 24H,88,0.4112149533,2293,26.05681818
2015,4,April,Sunday,00H - 01H,44,0.2056074766,459,10.43181818
2015,4,April,Sunday,01H - 02H,36,0.1682242991,387,10.75
2015,4,April,Sunday,02H - 03H,30,0.1401869159,270,9
2015,4,April,Sunday,03H - 04H,22,0.1028037383,179,8.136363636
2015,4,April,Sunday,04H - 05H,19,0.08878504673,162,8.526315789
2015,4,April,Sunday,05H - 06H,9,0.04205607477,81,9
2015,4,April,Sunday,06H - 07H,10,0.04672897196,126,12.6
2015,4,April,Sunday,07H - 08H,25,0.1168224299,208,8.32
2015,4,April,Sunday,08H - 09H,118,0.5514018692,2581,21.87288136
2015,4,April,Sunday,09H - 10H,121,0.5654205607,29904,247.1404959
2015,4,April,Sunday,10H - 11H,94,0.4392523364,2086,22.19148936
2015,4,April,Sunday,11H - 12H,124,0.5794392523,2381,19.2016129
2015,4,April,Sunday,12H - 13H,135,0.6308411215,2163,16.02222222
2015,4,April,Sunday,13H - 14H,224,1.046728972,3324,14.83928571
2015,4,April,Sunday,14H - 15H,229,1.070093458,3738,16.3231441
2015,4,April,Sunday,15H - 16H,207,0.9672897196,2937,14.1884058
2015,4,April,Sunday,16H - 17H,205,0.9579439252,54415,265.4390244
2015,4,April,Sunday,17H - 18H,215,1.004672897,2833,13.17674419
2015,4,April,Sunday,18H - 19H,241,1.126168224,4364,18.10788382
2015,4,April,Sunday,19H - 20H,216,1.009345794,4181,19.35648148
2015,4,April,Sunday,20H - 21H,123,0.5747663551,2233,18.15447154
2015,4,April,Sunday,21H - 22H,107,0.5,2560,23.92523364
2015,4,April,Sunday,22H - 23H,78,0.3644859813,893,11.44871795
2015,4,April,Sunday,23H - 24H,27,0.1261682243,310,11.48148148
2015,4,April,Monday,00H - 01H,15,0.07009345794,283,18.86666667
2015,4,April,Monday,01H - 02H,8,0.03738317757,79,9.875
2015,4,April,Monday,02H - 03H,4,0.01869158879,39,9.75
2015,4,April,Monday,03H - 04H,2,0.009345794393,16,8
2015,4,April,Monday,04H - 05H,3,0.01401869159,20,6.666666667
2015,4,April,Monday,05H - 06H,4,0.01869158879,36,9
2015,4,April,Monday,06H - 07H,103,0.4813084112,1561,15.15533981
2015,4,April,Monday,07H - 08H,299,1.397196262,3538,11.83277592
2015,4,April,Monday,08H - 09H,435,2.03271028,6073,13.96091954
2015,4,April,Monday,09H - 10H,344,1.607476636,5018,14.5872093
2015,4,April,Monday,10H - 11H,192,0.8971962617,2643,13.765625
2015,4,April,Monday,11H - 12H,279,1.303738318,16003,57.35842294
2015,4,April,Monday,12H - 13H,335,1.565420561,4194,12.51940299
2015,4,April,Monday,13H - 14H,247,1.154205607,57921,234.4979757
2015,4,April,Monday,14H - 15H,219,1.023364486,2467,11.26484018
2015,4,April,Monday,15H - 16H,227,1.060747664,2682,11.81497797
2015,4,April,Monday,16H - 17H,306,1.429906542,3685,12.04248366
2015,4,April,Monday,17H - 18H,439,2.051401869,5869,13.3690205
2015,4,April,Monday,18H - 19H,424,1.981308411,5751,13.56367925
2015,4,April,Monday,19H - 20H,366,1.710280374,9599,26.22677596
2015,4,April,Monday,20H - 21H,305,1.425233645,4509,14.78360656
2015,4,April,Monday,21H - 22H,202,0.9439252336,46581,230.5990099
2015,4,April,Monday,22H - 23H,113,0.5280373832,1697,15.01769912
2015,4,April,Monday,23H - 24H,49,0.2289719626,539,11
2015,4,April,Tuesday,00H - 01H,25,0.1168224299,293,11.72
2015,4,April,Tuesday,01H - 02H,9,0.04205607477,79,8.777777778
2015,4,April,Tuesday,02H - 03H,5,0.02336448598,37,7.4
2015,4,April,Tuesday,03H - 04H,4,0.01869158879,33,8.25
2015,4,April,Tuesday,05H - 06H,1,0.004672897196,12,12
2015,4,April,Tuesday,06H - 07H,155,0.7242990654,2802,18.07741935
2015,4,April,Tuesday,07H - 08H,417,1.948598131,5646,13.53956835
2015,4,April,Tuesday,08H - 09H,626,2.925233645,6768,10.8115016
2015,4,April,Tuesday,09H - 10H,429,2.004672897,6038,14.07459207
2015,4,April,Tuesday,10H - 11H,235,1.098130841,4543,19.33191489
2015,4,April,Tuesday,11H - 12H,283,1.322429907,3132,11.06713781
2015,4,April,Tuesday,12H - 13H,446,2.08411215,17522,39.28699552
2015,4,April,Tuesday,13H - 14H,285,1.331775701,3273,11.48421053
2015,4,April,Tuesday,14H - 15H,303,1.41588785,3527,11.64026403
2015,4,April,Tuesday,15H - 16H,314,1.46728972,4147,13.20700637
2015,4,April,Tuesday,16H - 17H,397,1.855140187,4136,10.41813602
2015,4,April,Tuesday,17H - 18H,662,3.093457944,19546,29.52567976
2015,4,April,Tuesday,18H - 19H,660,3.08411215,9115,13.81060606
2015,4,April,Tuesday,19H - 20H,422,1.971962617,5396,12.78672986
2015,4,April,Tuesday,20H - 21H,334,1.560747664,6158,18.43712575
2015,4,April,Tuesday,21H - 22H,165,0.7710280374,6688,40.53333333
2015,4,April,Tuesday,22H - 23H,87,0.4065420561,745,8.563218391
2015,4,April,Tuesday,23H - 24H,44,0.2056074766,457,10.38636364
2015,5,May,Wednesday,00H - 01H,51,0.238317757,483,9.470588235
2015,5,May,Wednesday,01H - 02H,22,0.1028037383,195,8.863636364
2015,5,May,Wednesday,02H - 03H,11,0.05140186916,62,5.636363636
2015,5,May,Wednesday,03H - 04H,8,0.03738317757,73,9.125
2015,5,May,Wednesday,04H - 05H,1,0.004672897196,13,13
2015,5,May,Wednesday,05H - 06H,9,0.04205607477,99,11
2015,5,May,Wednesday,06H - 07H,147,0.6869158879,2543,17.29931973
2015,5,May,Wednesday,07H - 08H,308,1.439252336,4073,13.22402597
2015,5,May,Wednesday,08H - 09H,410,1.91588785,4744,11.57073171
2015,5,May,Wednesday,09H - 10H,233,1.088785047,153968,660.806867
2015,5,May,Wednesday,10H - 11H,143,0.6682242991,151190,1057.272727
2015,5,May,Wednesday,11H - 12H,142,0.6635514019,1753,12.34507042
2015,5,May,Wednesday,12H - 13H,225,1.051401869,52946,235.3155556
2015,5,May,Wednesday,13H - 14H,164,0.7663551402,8221,50.12804878
2015,5,May,Wednesday,14H - 15H,142,0.6635514019,12120,85.35211268
2015,5,May,Wednesday,15H - 16H,190,0.8878504673,3358,17.67368421
2015,5,May,Wednesday,16H - 17H,309,1.443925234,3917,12.6763754
2015,5,May,Wednesday,17H - 18H,526,2.457943925,6737,12.80798479
2015,5,May,Wednesday,18H - 19H,541,2.528037383,6567,12.13863216
2015,5,May,Wednesday,19H - 20H,384,1.794392523,7100,18.48958333
2015,5,May,Wednesday,20H - 21H,328,1.53271028,12354,37.66463415
2015,5,May,Wednesday,21H - 22H,203,0.9485981308,4173,20.55665025
2015,5,May,Wednesday,22H - 23H,140,0.6542056075,1453,10.37857143
2015,5,May,Wednesday,23H - 24H,79,0.3691588785,826,10.4556962
2015,5,May,Thursday,00H - 01H,33,0.1542056075,889,26.93939394
2015,5,May,Thursday,01H - 02H,27,0.1261682243,253,9.37037037
2015,5,May,Thursday,02H - 03H,7,0.03271028037,50,7.142857143
2015,5,May,Thursday,03H - 04H,7,0.03271028037,48,6.857142857
2015,5,May,Thursday,04H - 05H,5,0.02336448598,39,7.8
2015,5,May,Thursday,05H - 06H,6,0.02803738318,48,8
2015,5,May,Thursday,06H - 07H,172,0.8037383178,3205,18.63372093
2015,5,May,Thursday,07H - 08H,537,2.509345794,6511,12.12476723
2015,5,May,Thursday,08H - 09H,806,3.76635514,8567,10.62903226
2015,5,May,Thursday,09H - 10H,557,2.602803738,7507,13.47755835
2015,5,May,Thursday,10H - 11H,345,1.612149533,4438,12.86376812
2015,5,May,Thursday,11H - 12H,391,1.827102804,5856,14.9769821
2015,5,May,Thursday,12H - 13H,520,2.429906542,52980,101.8846154
2015,5,May,Thursday,13H - 14H,395,1.845794393,41259,104.4531646
2015,5,May,Thursday,14H - 15H,357,1.668224299,3919,10.97759104
2015,5,May,Thursday,15H - 16H,379,1.771028037,27633,72.91029024
2015,5,May,Thursday,16H - 17H,516,2.411214953,6868,13.31007752
2015,5,May,Thursday,17H - 18H,901,4.210280374,11507,12.77136515
2015,5,May,Thursday,18H - 19H,897,4.191588785,11742,13.090301
2015,5,May,Thursday,19H - 20H,603,2.817757009,15327,25.41791045
2015,5,May,Thursday,20H - 21H,551,2.574766355,8014,14.54446461
2015,5,May,Thursday,21H - 22H,371,1.73364486,8749,23.58221024
2015,5,May,Thursday,22H - 23H,180,0.8411214953,1792,9.955555556
2015,5,May,Thursday,23H - 24H,97,0.453271028,887,9.144329897
2015,5,May,Friday,00H - 01H,117,0.546728972,1097,9.376068376
2015,5,May,Friday,01H - 02H,65,0.3037383178,646,9.938461538
2015,5,May,Friday,02H - 03H,51,0.238317757,466,9.137254902
2015,5,May,Friday,03H - 04H,26,0.1214953271,189,7.269230769
2015,5,May,Friday,04H - 05H,18,0.08411214953,135,7.5
2015,5,May,Friday,05H - 06H,15,0.07009345794,138,9.2
2015,5,May,Friday,06H - 07H,201,0.9392523364,3657,18.19402985
2015,5,May,Friday,07H - 08H,598,2.794392523,6885,11.51337793
2015,5,May,Friday,08H - 09H,807,3.771028037,8866,10.98636927
2015,5,May,Friday,09H - 10H,498,2.327102804,25712,51.63052209
2015,5,May,Friday,10H - 11H,377,1.761682243,5582,14.80636605
2015,5,May,Friday,11H - 12H,434,2.028037383,5051,11.63824885
2015,5,May,Friday,12H - 13H,635,2.96728972,8027,12.64094488
2015,5,May,Friday,13H - 14H,558,2.607476636,12924,23.16129032
2015,5,May,Friday,14H - 15H,501,2.341121495,6707,13.38722555
2015,5,May,Friday,15H - 16H,756,3.53271028,14582,19.28835979
2015,5,May,Friday,16H - 17H,800,3.738317757,70644,88.305
2015,5,May,Friday,17H - 18H,915,4.275700935,12250,13.38797814
2015,5,May,Friday,18H - 19H,860,4.018691589,11825,13.75
2015,5,May,Friday,19H - 20H,677,3.163551402,67644,99.91728213
2015,5,May,Friday,20H - 21H,640,2.990654206,30344,47.4125
2015,5,May,Friday,21H - 22H,451,2.107476636,35944,79.69844789
2015,5,May,Friday,22H - 23H,270,1.261682243,2813,10.41851852
2015,5,May,Friday,23H - 24H,189,0.8831775701,2025,10.71428571
2015,5,May,Saturday,00H - 01H,136,0.6355140187,1380,10.14705882
2015,5,May,Saturday,01H - 02H,121,0.5654205607,1725,14.25619835
2015,5,May,Saturday,02H - 03H,64,0.2990654206,582,9.09375
2015,5,May,Saturday,03H - 04H,60,0.2803738318,587,9.783333333
2015,5,May,Saturday,04H - 05H,56,0.261682243,543,9.696428571
2015,5,May,Saturday,05H - 06H,29,0.1355140187,274,9.448275862
2015,5,May,Saturday,06H - 07H,34,0.1588785047,361,10.61764706
2015,5,May,Saturday,07H - 08H,69,0.3224299065,758,10.98550725
2015,5,May,Saturday,08H - 09H,134,0.6261682243,2464,18.3880597
2015,5,May,Saturday,09H - 10H,259,1.210280374,3630,14.01544402
2015,5,May,Saturday,10H - 11H,332,1.551401869,6085,18.32831325
2015,5,May,Saturday,11H - 12H,364,1.700934579,17571,48.27197802
2015,5,May,Saturday,12H - 13H,424,1.981308411,7161,16.88915094
2015,5,May,Saturday,13H - 14H,505,2.359813084,12670,25.08910891
2015,5,May,Saturday,14H - 15H,535,2.5,9457,17.67663551
2015,5,May,Saturday,15H - 16H,562,2.626168224,15608,27.77224199
2015,5,May,Saturday,16H - 17H,530,2.476635514,15689,29.60188679
2015,5,May,Saturday,17H - 18H,380,1.775700935,5156,13.56842105
2015,5,May,Saturday,18H - 19H,434,2.028037383,6530,15.04608295
2015,5,May,Saturday,19H - 20H,369,1.724299065,6202,16.80758808
2015,5,May,Saturday,20H - 21H,397,1.855140187,5227,13.16624685
2015,5,May,Saturday,21H - 22H,361,1.686915888,5583,15.46537396
2015,5,May,Saturday,22H - 23H,244,1.140186916,3173,13.00409836
2015,5,May,Saturday,23H - 24H,172,0.8037383178,1885,10.95930233
2015,5,May,Sunday,00H - 01H,104,0.4859813084,1120,10.76923077
2015,5,May,Sunday,01H - 02H,78,0.3644859813,740,9.487179487
2015,5,May,Sunday,02H - 03H,81,0.3785046729,752,9.283950617
2015,5,May,Sunday,03H - 04H,44,0.2056074766,369,8.386363636
2015,5,May,Sunday,04H - 05H,31,0.1448598131,287,9.258064516
2015,5,May,Sunday,05H - 06H,30,0.1401869159,291,9.7
2015,5,May,Sunday,06H - 07H,22,0.1028037383,228,10.36363636
2015,5,May,Sunday,07H - 08H,34,0.1588785047,306,9
2015,5,May,Sunday,08H - 09H,190,0.8878504673,2901,15.26842105
2015,5,May,Sunday,09H - 10H,228,1.065420561,3467,15.20614035
2015,5,May,Sunday,10H - 11H,246,1.14953271,4266,17.34146341
2015,5,May,Sunday,11H - 12H,269,1.257009346,4904,18.23048327
2015,5,May,Sunday,12H - 13H,349,1.630841121,6528,18.70487106
2015,5,May,Sunday,13H - 14H,435,2.03271028,7447,17.11954023
2015,5,May,Sunday,14H - 15H,485,2.26635514,8812,18.16907216
2015,5,May,Sunday,15H - 16H,497,2.322429907,31628,63.63782696
2015,5,May,Sunday,16H - 17H,470,2.196261682,24628,52.4
2015,5,May,Sunday,17H - 18H,463,2.163551402,7844,16.94168467
2015,5,May,Sunday,18H - 19H,470,2.196261682,7287,15.50425532
2015,5,May,Sunday,19H - 20H,458,2.140186916,6101,13.3209607
2015,5,May,Sunday,20H - 21H,388,1.813084112,5326,13.72680412
2015,5,May,Sunday,21H - 22H,296,1.38317757,3692,12.47297297
2015,5,May,Sunday,22H - 23H,190,0.8878504673,2365,12.44736842
2015,5,May,Sunday,23H - 24H,80,0.3738317757,1289,16.1125
2015,5,May,Monday,00H - 01H,23,0.1074766355,360,15.65217391
2015,5,May,Monday,01H - 02H,12,0.05607476636,171,14.25
2015,5,May,Monday,02H - 03H,6,0.02803738318,74,12.33333333
2015,5,May,Monday,03H - 04H,4,0.01869158879,28,7
2015,5,May,Monday,04H - 05H,3,0.01401869159,61,20.33333333
2015,5,May,Monday,05H - 06H,7,0.03271028037,96,13.71428571
2015,5,May,Monday,06H - 07H,240,1.121495327,3859,16.07916667
2015,5,May,Monday,07H - 08H,565,2.640186916,6893,12.2
2015,5,May,Monday,08H - 09H,823,3.845794393,9034,10.97691373
2015,5,May,Monday,09H - 10H,606,2.831775701,7282,12.01650165
2015,5,May,Monday,10H - 11H,365,1.705607477,5581,15.29041096
2015,5,May,Monday,11H - 12H,348,1.626168224,4575,13.14655172
2015,5,May,Monday,12H - 13H,494,2.308411215,19467,39.40688259
2015,5,May,Monday,13H - 14H,431,2.014018692,58680,136.1484919
2015,5,May,Monday,14H - 15H,428,2,5469,12.77803738
2015,5,May,Monday,15H - 16H,424,1.981308411,5667,13.36556604
2015,5,May,Monday,16H - 17H,614,2.869158879,6809,11.08957655
2015,5,May,Monday,17H - 18H,996,4.654205607,12942,12.9939759
2015,5,May,Monday,18H - 19H,853,3.985981308,10145,11.8933177
2015,5,May,Monday,19H - 20H,638,2.981308411,8483,13.29623824
2015,5,May,Monday,20H - 21H,520,2.429906542,10265,19.74038462
2015,5,May,Monday,21H - 22H,327,1.528037383,6614,20.22629969
2015,5,May,Monday,22H - 23H,200,0.9345794393,2013,10.065
2015,5,May,Monday,23H - 24H,106,0.4953271028,1112,10.49056604
2015,5,May,Tuesday,00H - 01H,44,0.2056074766,467,10.61363636
2015,5,May,Tuesday,01H - 02H,17,0.07943925234,156,9.176470588
2015,5,May,Tuesday,02H - 03H,19,0.08878504673,188,9.894736842
2015,5,May,Tuesday,03H - 04H,2,0.009345794393,24,12
2015,5,May,Tuesday,04H - 05H,5,0.02336448598,63,12.6
2015,5,May,Tuesday,05H - 06H,13,0.06074766355,121,9.307692308
2015,5,May,Tuesday,06H - 07H,147,0.6869158879,3308,22.50340136
2015,5,May,Tuesday,07H - 08H,520,2.429906542,6085,11.70192308
2015,5,May,Tuesday,08H - 09H,886,4.140186916,8750,9.875846501
2015,5,May,Tuesday,09H - 10H,640,2.990654206,7073,11.0515625
2015,5,May,Tuesday,10H - 11H,366,1.710280374,5479,14.96994536
2015,5,May,Tuesday,11H - 12H,465,2.172897196,5018,10.79139785
2015,5,May,Tuesday,12H - 13H,606,2.831775701,28425,46.90594059
2015,5,May,Tuesday,13H - 14H,480,2.242990654,10093,21.02708333
2015,5,May,Tuesday,14H - 15H,436,2.037383178,5412,12.41284404
2015,5,May,Tuesday,15H - 16H,491,2.294392523,6519,13.27698574
2015,5,May,Tuesday,16H - 17H,749,3.5,9705,12.95727637
2015,5,May,Tuesday,17H - 18H,1035,4.836448598,15344,14.82512077
2015,5,May,Tuesday,18H - 19H,963,4.5,12735,13.22429907
2015,5,May,Tuesday,19H - 20H,789,3.686915888,11292,14.31178707
2015,5,May,Tuesday,20H - 21H,651,3.042056075,10810,16.60522273
2015,5,May,Tuesday,21H - 22H,449,2.098130841,50582,112.6547884
2015,5,May,Tuesday,22H - 23H,229,1.070093458,2630,11.48471616
2015,5,May,Tuesday,23H - 24H,122,0.5700934579,2382,19.52459016
2015,6,June,Wednesday,00H - 01H,66,0.308411215,650,9.848484848
2015,6,June,Wednesday,01H - 02H,18,0.08411214953,110,6.111111111
2015,6,June,Wednesday,02H - 03H,24,0.1121495327,194,8.083333333
2015,6,June,Wednesday,03H - 04H,17,0.07943925234,150,8.823529412
2015,6,June,Wednesday,04H - 05H,16,0.07476635514,215,13.4375
2015,6,June,Wednesday,05H - 06H,17,0.07943925234,169,9.941176471
2015,6,June,Wednesday,06H - 07H,174,0.8130841121,3298,18.95402299
2015,6,June,Wednesday,07H - 08H,495,2.313084112,5587,11.28686869
2015,6,June,Wednesday,08H - 09H,758,3.542056075,7977,10.5237467
2015,6,June,Wednesday,09H - 10H,598,2.794392523,8159,13.64381271
2015,6,June,Wednesday,10H - 11H,352,1.644859813,5431,15.42897727
2015,6,June,Wednesday,11H - 12H,406,1.897196262,4994,12.30049261
2015,6,June,Wednesday,12H - 13H,538,2.514018692,9669,17.97211896
2015,6,June,Wednesday,13H - 14H,469,2.191588785,6318,13.47121535
2015,6,June,Wednesday,14H - 15H,453,2.11682243,6671,14.72626932
2015,6,June,Wednesday,15H - 16H,448,2.093457944,6291,14.04241071
2015,6,June,Wednesday,16H - 17H,615,2.873831776,8710,14.16260163
2015,6,June,Wednesday,17H - 18H,965,4.509345794,16307,16.8984456
2015,6,June,Wednesday,18H - 19H,962,4.495327103,15014,15.60706861
2015,6,June,Wednesday,19H - 20H,702,3.280373832,9849,14.02991453
2015,6,June,Wednesday,20H - 21H,545,2.546728972,8505,15.60550459
2015,6,June,Wednesday,21H - 22H,379,1.771028037,63541,167.6543536
2015,6,June,Wednesday,22H - 23H,255,1.191588785,2891,11.3372549
2015,6,June,Wednesday,23H - 24H,146,0.6822429907,1604,10.98630137
2015,6,June,Thursday,00H - 01H,68,0.3177570093,727,10.69117647
2015,6,June,Thursday,01H - 02H,34,0.1588785047,335,9.852941176
2015,6,June,Thursday,02H - 03H,18,0.08411214953,165,9.166666667
2015,6,June,Thursday,03H - 04H,3,0.01401869159,20,6.666666667
2015,6,June,Thursday,04H - 05H,4,0.01869158879,52,13
2015,6,June,Thursday,05H - 06H,8,0.03738317757,65,8.125
2015,6,June,Thursday,06H - 07H,181,0.8457943925,3479,19.22099448
2015,6,June,Thursday,07H - 08H,597,2.789719626,14594,24.44556114
2015,6,June,Thursday,08H - 09H,904,4.224299065,10004,11.06637168
2015,6,June,Thursday,09H - 10H,616,2.878504673,7155,11.61525974
2015,6,June,Thursday,10H - 11H,372,1.738317757,14555,39.12634409
2015,6,June,Thursday,11H - 12H,447,2.088785047,5985,13.38926174
2015,6,June,Thursday,12H - 13H,573,2.677570093,6962,12.15008726
2015,6,June,Thursday,13H - 14H,483,2.257009346,5736,11.8757764
2015,6,June,Thursday,14H - 15H,403,1.88317757,5780,14.34243176
2015,6,June,Thursday,15H - 16H,314,1.46728972,4005,12.75477707
2015,6,June,Thursday,16H - 17H,633,2.957943925,7843,12.39020537
2015,6,June,Thursday,17H - 18H,1094,5.112149533,14739,13.4725777
2015,6,June,Thursday,18H - 19H,997,4.658878505,13584,13.62487462
2015,6,June,Thursday,19H - 20H,705,3.294392523,17131,24.29929078
2015,6,June,Thursday,20H - 21H,545,2.546728972,21996,40.35963303
2015,6,June,Thursday,21H - 22H,410,1.91588785,6902,16.83414634
2015,6,June,Thursday,22H - 23H,264,1.23364486,3523,13.34469697
2015,6,June,Thursday,23H - 24H,190,0.8878504673,1896,9.978947368
2015,6,June,Friday,00H - 01H,110,0.5140186916,1088,9.890909091
2015,6,June,Friday,01H - 02H,40,0.1869158879,304,7.6
2015,6,June,Friday,02H - 03H,27,0.1261682243,300,11.11111111
2015,6,June,Friday,03H - 04H,19,0.08878504673,271,14.26315789
2015,6,June,Friday,04H - 05H,16,0.07476635514,159,9.9375
2015,6,June,Friday,05H - 06H,13,0.06074766355,122,9.384615385
2015,6,June,Friday,06H - 07H,212,0.9906542056,3902,18.40566038
2015,6,June,Friday,07H - 08H,557,2.602803738,6115,10.97845601
2015,6,June,Friday,08H - 09H,901,4.210280374,19062,21.15649279
2015,6,June,Friday,09H - 10H,629,2.939252336,61550,97.85373609
2015,6,June,Friday,10H - 11H,361,1.686915888,5099,14.12465374
2015,6,June,Friday,11H - 12H,505,2.359813084,17991,35.62574257
2015,6,June,Friday,12H - 13H,592,2.76635514,7283,12.30236486
2015,6,June,Friday,13H - 14H,448,2.093457944,21121,47.14508929
2015,6,June,Friday,14H - 15H,389,1.817757009,19718,50.68894602
2015,6,June,Friday,15H - 16H,669,3.126168224,25706,38.4245142
2015,6,June,Friday,16H - 17H,746,3.485981308,11310,15.16085791
2015,6,June,Friday,17H - 18H,746,3.485981308,9686,12.98391421
2015,6,June,Friday,18H - 19H,784,3.663551402,9897,12.62372449
2015,6,June,Friday,19H - 20H,590,2.757009346,67149,113.8118644
2015,6,June,Friday,20H - 21H,617,2.88317757,96890,157.0340357
2015,6,June,Friday,21H - 22H,458,2.140186916,82502,180.1353712
2015,6,June,Friday,22H - 23H,329,1.537383178,5395,16.39817629
2015,6,June,Friday,23H - 24H,317,1.481308411,4013,12.65930599
2015,6,June,Saturday,00H - 01H,240,1.121495327,4349,18.12083333
2015,6,June,Saturday,01H - 02H,184,0.8598130841,2187,11.88586957
2015,6,June,Saturday,02H - 03H,89,0.4158878505,856,9.617977528
2015,6,June,Saturday,03H - 04H,65,0.3037383178,707,10.87692308
2015,6,June,Saturday,04H - 05H,39,0.1822429907,438,11.23076923
2015,6,June,Saturday,05H - 06H,30,0.1401869159,290,9.666666667
2015,6,June,Saturday,06H - 07H,31,0.1448598131,341,11
2015,6,June,Saturday,07H - 08H,70,0.3271028037,458,6.542857143
2015,6,June,Saturday,08H - 09H,170,0.7943925234,4217,24.80588235
2015,6,June,Saturday,09H - 10H,215,1.004672897,4146,19.28372093
2015,6,June,Saturday,10H - 11H,232,1.08411215,3535,15.23706897
2015,6,June,Saturday,11H - 12H,274,1.280373832,4848,17.69343066
2015,6,June,Saturday,12H - 13H,303,1.41588785,4334,14.30363036
2015,6,June,Saturday,13H - 14H,333,1.556074766,6974,20.94294294
2015,6,June,Saturday,14H - 15H,313,1.462616822,4628,14.78594249
2015,6,June,Saturday,15H - 16H,369,1.724299065,8110,21.97831978
2015,6,June,Saturday,16H - 17H,329,1.537383178,32672,99.30699088
2015,6,June,Saturday,17H - 18H,308,1.439252336,4723,15.33441558
2015,6,June,Saturday,18H - 19H,332,1.551401869,5173,15.5813253
2015,6,June,Saturday,19H - 20H,354,1.654205607,7548,21.3220339
2015,6,June,Saturday,20H - 21H,327,1.528037383,5244,16.03669725
2015,6,June,Saturday,21H - 22H,253,1.182242991,5129,20.27272727
2015,6,June,Saturday,22H - 23H,173,0.808411215,2045,11.82080925
2015,6,June,Saturday,23H - 24H,138,0.6448598131,1784,12.92753623
2015,6,June,Sunday,00H - 01H,90,0.4205607477,935,10.38888889
2015,6,June,Sunday,01H - 02H,53,0.2476635514,677,12.77358491
2015,6,June,Sunday,02H - 03H,36,0.1682242991,324,9
2015,6,June,Sunday,03H - 04H,35,0.1635514019,2033,58.08571429
2015,6,June,Sunday,04H - 05H,25,0.1168224299,284,11.36
2015,6,June,Sunday,05H - 06H,19,0.08878504673,155,8.157894737
2015,6,June,Sunday,06H - 07H,17,0.07943925234,186,10.94117647
2015,6,June,Sunday,07H - 08H,16,0.07476635514,251,15.6875
2015,6,June,Sunday,08H - 09H,131,0.6121495327,2407,18.3740458
2015,6,June,Sunday,09H - 10H,129,0.6028037383,2567,19.89922481
2015,6,June,Sunday,10H - 11H,173,0.808411215,3925,22.68786127
2015,6,June,Sunday,11H - 12H,158,0.738317757,4494,28.44303797
2015,6,June,Sunday,12H - 13H,241,1.126168224,9839,40.82572614
2015,6,June,Sunday,13H - 14H,284,1.327102804,4321,15.21478873
2015,6,June,Sunday,14H - 15H,272,1.271028037,4239,15.58455882
2015,6,June,Sunday,15H - 16H,278,1.299065421,5637,20.27697842
2015,6,June,Sunday,16H - 17H,323,1.509345794,8000,24.76780186
2015,6,June,Sunday,17H - 18H,296,1.38317757,3830,12.93918919
2015,6,June,Sunday,18H - 19H,314,1.46728972,4442,14.14649682
2015,6,June,Sunday,19H - 20H,289,1.35046729,4658,16.11764706
2015,6,June,Sunday,20H - 21H,272,1.271028037,5383,19.79044118
2015,6,June,Sunday,21H - 22H,271,1.26635514,3418,12.61254613
2015,6,June,Sunday,22H - 23H,171,0.7990654206,1863,10.89473684
2015,6,June,Sunday,23H - 24H,86,0.4018691589,892,10.37209302
2015,6,June,Monday,00H - 01H,50,0.2336448598,511,10.22
2015,6,June,Monday,01H - 02H,17,0.07943925234,100,5.882352941
2015,6,June,Monday,02H - 03H,13,0.06074766355,231,17.76923077
2015,6,June,Monday,03H - 04H,16,0.07476635514,157,9.8125
2015,6,June,Monday,04H - 05H,8,0.03738317757,58,7.25
2015,6,June,Monday,05H - 06H,8,0.03738317757,64,8
2015,6,June,Monday,06H - 07H,274,1.280373832,4166,15.20437956
2015,6,June,Monday,07H - 08H,781,3.64953271,9105,11.6581306
2015,6,June,Monday,08H - 09H,1085,5.070093458,12320,11.35483871
2015,6,June,Monday,09H - 10H,695,3.247663551,11851,17.05179856
2015,6,June,Monday,10H - 11H,454,2.121495327,6862,15.11453744
2015,6,June,Monday,11H - 12H,533,2.490654206,6712,12.59287054
2015,6,June,Monday,12H - 13H,766,3.579439252,9317,12.16318538
2015,6,June,Monday,13H - 14H,534,2.495327103,125367,234.7696629
2015,6,June,Monday,14H - 15H,484,2.261682243,6525,13.48140496
2015,6,June,Monday,15H - 16H,516,2.411214953,7469,14.4748062
2015,6,June,Monday,16H - 17H,794,3.710280374,10221,12.87279597
2015,6,June,Monday,17H - 18H,1302,6.08411215,17249,13.24807988
2015,6,June,Monday,18H - 19H,1225,5.724299065,15735,12.84489796
2015,6,June,Monday,19H - 20H,929,4.341121495,12616,13.58019376
2015,6,June,Monday,20H - 21H,690,3.224299065,13904,20.15072464
2015,6,June,Monday,21H - 22H,507,2.369158879,9767,19.2642998
2015,6,June,Monday,22H - 23H,276,1.289719626,3318,12.02173913
2015,6,June,Monday,23H - 24H,130,0.6074766355,1405,10.80769231
2015,6,June,Tuesday,00H - 01H,60,0.2803738318,554,9.233333333
2015,6,June,Tuesday,01H - 02H,37,0.1728971963,395,10.67567568
2015,6,June,Tuesday,02H - 03H,15,0.07009345794,192,12.8
2015,6,June,Tuesday,03H - 04H,5,0.02336448598,45,9
2015,6,June,Tuesday,05H - 06H,9,0.04205607477,76,8.444444444
2015,6,June,Tuesday,06H - 07H,244,1.140186916,4811,19.71721311
2015,6,June,Tuesday,07H - 08H,734,3.429906542,31649,43.11852861
2015,6,June,Tuesday,08H - 09H,1137,5.313084112,12585,11.06860158
2015,6,June,Tuesday,09H - 10H,779,3.640186916,8995,11.54685494
2015,6,June,Tuesday,10H - 11H,471,2.200934579,6661,14.14225053
2015,6,June,Tuesday,11H - 12H,544,2.542056075,5711,10.49816176
2015,6,June,Tuesday,12H - 13H,680,3.177570093,27627,40.62794118
2015,6,June,Tuesday,13H - 14H,581,2.714953271,194715,335.1376936
2015,6,June,Tuesday,14H - 15H,500,2.336448598,6169,12.338
2015,6,June,Tuesday,15H - 16H,535,2.5,6337,11.84485981
2015,6,June,Tuesday,16H - 17H,813,3.799065421,13152,16.17712177
2015,6,June,Tuesday,17H - 18H,1241,5.799065421,15854,12.77518131
2015,6,June,Tuesday,18H - 19H,1222,5.710280374,14978,12.25695581
2015,6,June,Tuesday,19H - 20H,771,3.602803738,31215,40.48638132
2015,6,June,Tuesday,20H - 21H,595,2.780373832,8367,14.06218487
2015,6,June,Tuesday,21H - 22H,502,2.345794393,26260,52.31075697
2015,6,June,Tuesday,22H - 23H,317,1.481308411,4714,14.87066246
2015,6,June,Tuesday,23H - 24H,140,0.6542056075,1507,10.76428571
2015,7,July,Wednesday,00H - 01H,80,0.3738317757,905,11.3125
2015,7,July,Wednesday,01H - 02H,45,0.2102803738,431,9.577777778
2015,7,July,Wednesday,02H - 03H,22,0.1028037383,259,11.77272727
2015,7,July,Wednesday,03H - 04H,7,0.03271028037,55,7.857142857
2015,7,July,Wednesday,04H - 05H,1,0.004672897196,14,14
2015,7,July,Wednesday,05H - 06H,8,0.03738317757,67,8.375
2015,7,July,Wednesday,06H - 07H,218,1.018691589,3858,17.69724771
2015,7,July,Wednesday,07H - 08H,691,3.228971963,8033,11.6251809
2015,7,July,Wednesday,08H - 09H,1110,5.186915888,11464,10.32792793
2015,7,July,Wednesday,09H - 10H,740,3.457943925,8471,11.4472973
2015,7,July,Wednesday,10H - 11H,439,2.051401869,7862,17.90888383
2015,7,July,Wednesday,11H - 12H,453,2.11682243,11667,25.75496689
2015,7,July,Wednesday,12H - 13H,633,2.957943925,71070,112.2748815
2015,7,July,Wednesday,13H - 14H,501,2.341121495,15112,30.16367265
2015,7,July,Wednesday,14H - 15H,500,2.336448598,8346,16.692
2015,7,July,Wednesday,15H - 16H,493,2.303738318,7832,15.88640974
2015,7,July,Wednesday,16H - 17H,708,3.308411215,10836,15.30508475
2015,7,July,Wednesday,17H - 18H,1240,5.794392523,18626,15.02096774
2015,7,July,Wednesday,18H - 19H,1020,4.76635514,13551,13.28529412
2015,7,July,Wednesday,19H - 20H,861,4.023364486,12933,15.02090592
2015,7,July,Wednesday,20H - 21H,588,2.747663551,7844,13.34013605
2015,7,July,Wednesday,21H - 22H,428,2,5041,11.77803738
2015,7,July,Wednesday,22H - 23H,290,1.355140187,3476,11.9862069
2015,7,July,Wednesday,23H - 24H,185,0.8644859813,2096,11.32972973
2015,7,July,Thursday,00H - 01H,86,0.4018691589,871,10.12790698
2015,7,July,Thursday,01H - 02H,52,0.2429906542,651,12.51923077
2015,7,July,Thursday,02H - 03H,19,0.08878504673,177,9.315789474
2015,7,July,Thursday,03H - 04H,12,0.05607476636,146,12.16666667
2015,7,July,Thursday,04H - 05H,4,0.01869158879,32,8
2015,7,July,Thursday,05H - 06H,9,0.04205607477,95,10.55555556
2015,7,July,Thursday,06H - 07H,221,1.03271028,4369,19.76923077
2015,7,July,Thursday,07H - 08H,573,2.677570093,6892,12.02792321
2015,7,July,Thursday,08H - 09H,1019,4.761682243,10859,10.65652601
2015,7,July,Thursday,09H - 10H,746,3.485981308,7956,10.66487936
2015,7,July,Thursday,10H - 11H,424,1.981308411,6971,16.44103774
2015,7,July,Thursday,11H - 12H,439,2.051401869,10865,24.74943052
2015,7,July,Thursday,12H - 13H,527,2.462616822,37358,70.88804554
2015,7,July,Thursday,13H - 14H,460,2.14953271,52713,114.5934783
2015,7,July,Thursday,14H - 15H,417,1.948598131,147914,354.7098321
2015,7,July,Thursday,15H - 16H,404,1.887850467,5143,12.73019802
2015,7,July,Thursday,16H - 17H,670,3.130841121,8643,12.9
2015,7,July,Thursday,17H - 18H,1131,5.285046729,14152,12.51282051
2015,7,July,Thursday,18H - 19H,936,4.373831776,36640,39.14529915
2015,7,July,Thursday,19H - 20H,791,3.696261682,11434,14.4551201
2015,7,July,Thursday,20H - 21H,594,2.775700935,38654,65.07407407
2015,7,July,Thursday,21H - 22H,430,2.009345794,18696,43.47906977
2015,7,July,Thursday,22H - 23H,323,1.509345794,3591,11.11764706
2015,7,July,Thursday,23H - 24H,181,0.8457943925,2223,12.28176796
2015,7,July,Friday,00H - 01H,93,0.4345794393,875,9.408602151
2015,7,July,Friday,01H - 02H,43,0.2009345794,386,8.976744186
2015,7,July,Friday,02H - 03H,31,0.1448598131,259,8.35483871
2015,7,July,Friday,03H - 04H,16,0.07476635514,199,12.4375
2015,7,July,Friday,04H - 05H,8,0.03738317757,672,84
2015,7,July,Friday,05H - 06H,7,0.03271028037,54,7.714285714
2015,7,July,Friday,06H - 07H,191,0.8925233645,4337,22.70680628
2015,7,July,Friday,07H - 08H,634,2.962616822,11102,17.51104101
2015,7,July,Friday,08H - 09H,864,4.037383178,11685,13.52430556
2015,7,July,Friday,09H - 10H,603,2.817757009,9214,15.28026534
2015,7,July,Friday,10H - 11H,390,1.822429907,5974,15.31794872
2015,7,July,Friday,11H - 12H,461,2.154205607,5456,11.835141
2015,7,July,Friday,12H - 13H,606,2.831775701,44279,73.06765677
2015,7,July,Friday,13H - 14H,483,2.257009346,56352,116.6708075
2015,7,July,Friday,14H - 15H,523,2.443925234,6752,12.91013384
2015,7,July,Friday,15H - 16H,691,3.228971963,9106,13.17800289
2015,7,July,Friday,16H - 17H,825,3.855140187,9868,11.96121212
2015,7,July,Friday,17H - 18H,838,3.91588785,10303,12.2947494
2015,7,July,Friday,18H - 19H,684,3.196261682,9250,13.52339181
2015,7,July,Friday,19H - 20H,476,2.224299065,5890,12.37394958
2015,7,July,Friday,20H - 21H,419,1.957943925,24528,58.53937947
2015,7,July,Friday,21H - 22H,327,1.528037383,46457,142.0703364
2015,7,July,Friday,22H - 23H,247,1.154205607,3023,12.2388664
2015,7,July,Friday,23H - 24H,142,0.6635514019,1637,11.52816901
2015,7,July,Saturday,00H - 01H,95,0.4439252336,2044,21.51578947
2015,7,July,Saturday,01H - 02H,46,0.214953271,788,17.13043478
2015,7,July,Saturday,02H - 03H,48,0.2242990654,870,18.125
2015,7,July,Saturday,03H - 04H,39,0.1822429907,333,8.538461538
2015,7,July,Saturday,04H - 05H,35,0.1635514019,957,27.34285714
2015,7,July,Saturday,05H - 06H,15,0.07009345794,127,8.466666667
2015,7,July,Saturday,06H - 07H,25,0.1168224299,287,11.48
2015,7,July,Saturday,07H - 08H,26,0.1214953271,338,13
2015,7,July,Saturday,08H - 09H,132,0.6168224299,1562,11.83333333
2015,7,July,Saturday,09H - 10H,184,0.8598130841,8980,48.80434783
2015,7,July,Saturday,10H - 11H,156,0.7289719626,2878,18.44871795
2015,7,July,Saturday,11H - 12H,162,0.7570093458,2418,14.92592593
2015,7,July,Saturday,12H - 13H,165,0.7710280374,2392,14.4969697
2015,7,July,Saturday,13H - 14H,213,0.9953271028,4641,21.78873239
2015,7,July,Saturday,14H - 15H,181,0.8457943925,2729,15.07734807
2015,7,July,Saturday,15H - 16H,234,1.093457944,18266,78.05982906
2015,7,July,Saturday,16H - 17H,231,1.079439252,7510,32.51082251
2015,7,July,Saturday,17H - 18H,205,0.9579439252,3386,16.51707317
2015,7,July,Saturday,18H - 19H,227,1.060747664,3467,15.27312775
2015,7,July,Saturday,19H - 20H,292,1.364485981,4373,14.9760274
2015,7,July,Saturday,20H - 21H,254,1.186915888,3746,14.7480315
2015,7,July,Saturday,21H - 22H,216,1.009345794,3107,14.38425926
2015,7,July,Saturday,22H - 23H,142,0.6635514019,1663,11.71126761
2015,7,July,Saturday,23H - 24H,96,0.4485981308,1424,14.83333333
2015,7,July,Sunday,00H - 01H,86,0.4018691589,960,11.1627907
2015,7,July,Sunday,01H - 02H,71,0.3317757009,939,13.22535211
2015,7,July,Sunday,02H - 03H,42,0.1962616822,1797,42.78571429
2015,7,July,Sunday,03H - 04H,32,0.1495327103,324,10.125
2015,7,July,Sunday,04H - 05H,15,0.07009345794,141,9.4
2015,7,July,Sunday,05H - 06H,14,0.06542056075,312,22.28571429
2015,7,July,Sunday,06H - 07H,12,0.05607476636,194,16.16666667
2015,7,July,Sunday,07H - 08H,16,0.07476635514,178,11.125
2015,7,July,Sunday,08H - 09H,122,0.5700934579,2923,23.95901639
2015,7,July,Sunday,09H - 10H,187,0.8738317757,5102,27.28342246
2015,7,July,Sunday,10H - 11H,98,0.4579439252,1154,11.7755102
2015,7,July,Sunday,11H - 12H,221,1.03271028,7258,32.84162896
2015,7,July,Sunday,12H - 13H,212,0.9906542056,11403,53.78773585
2015,7,July,Sunday,13H - 14H,210,0.9813084112,5772,27.48571429
2015,7,July,Sunday,14H - 15H,203,0.9485981308,9033,44.49753695
2015,7,July,Sunday,15H - 16H,249,1.163551402,6133,24.63052209
2015,7,July,Sunday,16H - 17H,255,1.191588785,24556,96.29803922
2015,7,July,Sunday,17H - 18H,266,1.242990654,4772,17.93984962
2015,7,July,Sunday,18H - 19H,303,1.41588785,5566,18.36963696
2015,7,July,Sunday,19H - 20H,267,1.247663551,3439,12.88014981
2015,7,July,Sunday,20H - 21H,265,1.238317757,3454,13.03396226
2015,7,July,Sunday,21H - 22H,208,0.9719626168,7306,35.125
2015,7,July,Sunday,22H - 23H,182,0.8504672897,2242,12.31868132
2015,7,July,Sunday,23H - 24H,71,0.3317757009,791,11.14084507
2015,7,July,Monday,00H - 01H,58,0.2710280374,755,13.01724138
2015,7,July,Monday,01H - 02H,21,0.09813084112,240,11.42857143
2015,7,July,Monday,02H - 03H,19,0.08878504673,174,9.157894737
2015,7,July,Monday,03H - 04H,9,0.04205607477,104,11.55555556
2015,7,July,Monday,04H - 05H,4,0.01869158879,34,8.5
2015,7,July,Monday,05H - 06H,6,0.02803738318,53,8.833333333
2015,7,July,Monday,06H - 07H,164,0.7663551402,2778,16.93902439
2015,7,July,Monday,07H - 08H,407,1.901869159,4559,11.2014742
2015,7,July,Monday,08H - 09H,621,2.901869159,49885,80.33011272
2015,7,July,Monday,09H - 10H,435,2.03271028,5344,12.28505747
2015,7,July,Monday,10H - 11H,233,1.088785047,4085,17.53218884
2015,7,July,Monday,11H - 12H,286,1.336448598,4236,14.81118881
2015,7,July,Monday,12H - 13H,401,1.873831776,9340,23.29177057
2015,7,July,Monday,13H - 14H,325,1.518691589,3828,11.77846154
2015,7,July,Monday,14H - 15H,355,1.658878505,6051,17.04507042
2015,7,July,Monday,15H - 16H,324,1.514018692,9230,28.48765432
2015,7,July,Monday,16H - 17H,394,1.841121495,11579,29.38832487
2015,7,July,Monday,17H - 18H,596,2.785046729,7850,13.17114094
2015,7,July,Monday,18H - 19H,573,2.677570093,8761,15.28970332
2015,7,July,Monday,19H - 20H,442,2.065420561,6208,14.04524887
2015,7,July,Monday,20H - 21H,414,1.934579439,16423,39.66908213
2015,7,July,Monday,21H - 22H,282,1.317757009,23088,81.87234043
2015,7,July,Monday,22H - 23H,143,0.6682242991,1615,11.29370629
2015,7,July,Monday,23H - 24H,81,0.3785046729,994,12.27160494
2015,7,July,Tuesday,00H - 01H,50,0.2336448598,579,11.58
2015,7,July,Tuesday,01H - 02H,28,0.1308411215,234,8.357142857
2015,7,July,Tuesday,02H - 03H,8,0.03738317757,34,4.25
2015,7,July,Tuesday,03H - 04H,8,0.03738317757,93,11.625
2015,7,July,Tuesday,04H - 05H,6,0.02803738318,34,5.666666667
2015,7,July,Tuesday,05H - 06H,10,0.04672897196,72,7.2
2015,7,July,Tuesday,06H - 07H,201,0.9392523364,3028,15.06467662
2015,7,July,Tuesday,07H - 08H,557,2.602803738,5950,10.68222621
2015,7,July,Tuesday,08H - 09H,813,3.799065421,8243,10.13899139
2015,7,July,Tuesday,09H - 10H,554,2.588785047,59053,106.5938628
2015,7,July,Tuesday,10H - 11H,312,1.457943925,5152,16.51282051
2015,7,July,Tuesday,11H - 12H,389,1.817757009,7516,19.32133676
2015,7,July,Tuesday,12H - 13H,516,2.411214953,5712,11.06976744
2015,7,July,Tuesday,13H - 14H,361,1.686915888,7136,19.76731302
2015,7,July,Tuesday,14H - 15H,399,1.864485981,7345,18.4085213
2015,7,July,Tuesday,15H - 16H,349,1.630841121,4457,12.77077364
2015,7,July,Tuesday,16H - 17H,544,2.542056075,6269,11.52389706
2015,7,July,Tuesday,17H - 18H,907,4.238317757,10924,12.04410143
2015,7,July,Tuesday,18H - 19H,808,3.775700935,9549,11.81806931
2015,7,July,Tuesday,19H - 20H,584,2.728971963,7477,12.80308219
2015,7,July,Tuesday,20H - 21H,442,2.065420561,35330,79.9321267
2015,7,July,Tuesday,21H - 22H,319,1.490654206,32664,102.3949843
2015,7,July,Tuesday,22H - 23H,239,1.11682243,2877,12.0376569
2015,7,July,Tuesday,23H - 24H,121,0.5654205607,1159,9.578512397
2015,8,August,Wednesday,00H - 01H,61,0.285046729,629,10.31147541
2015,8,August,Wednesday,01H - 02H,40,0.1869158879,341,8.525
2015,8,August,Wednesday,02H - 03H,29,0.1355140187,326,11.24137931
2015,8,August,Wednesday,03H - 04H,8,0.03738317757,56,7
2015,8,August,Wednesday,04H - 05H,7,0.03271028037,122,17.42857143
2015,8,August,Wednesday,05H - 06H,2,0.009345794393,7,3.5
2015,8,August,Wednesday,06H - 07H,161,0.7523364486,3045,18.91304348
2015,8,August,Wednesday,07H - 08H,468,2.186915888,4953,10.58333333
2015,8,August,Wednesday,08H - 09H,776,3.626168224,8127,10.47293814
2015,8,August,Wednesday,09H - 10H,549,2.565420561,6681,12.16939891
2015,8,August,Wednesday,10H - 11H,354,1.654205607,5200,14.68926554
2015,8,August,Wednesday,11H - 12H,339,1.58411215,4047,11.9380531
2015,8,August,Wednesday,12H - 13H,498,2.327102804,9260,18.59437751
2015,8,August,Wednesday,13H - 14H,359,1.677570093,20569,57.29526462
2015,8,August,Wednesday,14H - 15H,358,1.672897196,5191,14.5
2015,8,August,Wednesday,15H - 16H,364,1.700934579,5698,15.65384615
2015,8,August,Wednesday,16H - 17H,540,2.523364486,10657,19.73518519
2015,8,August,Wednesday,17H - 18H,913,4.26635514,11081,12.13691128
2015,8,August,Wednesday,18H - 19H,900,4.205607477,11058,12.28666667
2015,8,August,Wednesday,19H - 20H,597,2.789719626,8730,14.62311558
2015,8,August,Wednesday,20H - 21H,471,2.200934579,11166,23.70700637
2015,8,August,Wednesday,21H - 22H,344,1.607476636,5969,17.35174419
2015,8,August,Wednesday,22H - 23H,248,1.158878505,3271,13.18951613
2015,8,August,Wednesday,23H - 24H,137,0.6401869159,1456,10.62773723
2015,8,August,Thursday,00H - 01H,64,0.2990654206,754,11.78125
2015,8,August,Thursday,01H - 02H,38,0.1775700935,348,9.157894737
2015,8,August,Thursday,02H - 03H,16,0.07476635514,181,11.3125
2015,8,August,Thursday,03H - 04H,7,0.03271028037,53,7.571428571
2015,8,August,Thursday,04H - 05H,5,0.02336448598,56,11.2
2015,8,August,Thursday,05H - 06H,3,0.01401869159,26,8.666666667
2015,8,August,Thursday,06H - 07H,190,0.8878504673,3872,20.37894737
2015,8,August,Thursday,07H - 08H,612,2.859813084,7032,11.49019608
2015,8,August,Thursday,08H - 09H,795,3.714953271,8618,10.84025157
2015,8,August,Thursday,09H - 10H,519,2.425233645,5970,11.50289017
2015,8,August,Thursday,10H - 11H,324,1.514018692,5730,17.68518519
2015,8,August,Thursday,11H - 12H,360,1.682242991,4748,13.18888889
2015,8,August,Thursday,12H - 13H,525,2.453271028,111208,211.8247619
2015,8,August,Thursday,13H - 14H,436,2.037383178,82875,190.0802752
2015,8,August,Thursday,14H - 15H,381,1.780373832,4776,12.53543307
2015,8,August,Thursday,15H - 16H,337,1.574766355,4784,14.1958457
2015,8,August,Thursday,16H - 17H,565,2.640186916,7685,13.60176991
2015,8,August,Thursday,17H - 18H,913,4.26635514,10773,11.79956188
2015,8,August,Thursday,18H - 19H,917,4.285046729,11804,12.87241003
2015,8,August,Thursday,19H - 20H,682,3.186915888,9061,13.28592375
2015,8,August,Thursday,20H - 21H,488,2.280373832,8219,16.84221311
2015,8,August,Thursday,21H - 22H,427,1.995327103,22194,51.9765808
2015,8,August,Thursday,22H - 23H,230,1.074766355,2772,12.05217391
2015,8,August,Thursday,23H - 24H,131,0.6121495327,1419,10.83206107
2015,8,August,Friday,00H - 01H,80,0.3738317757,841,10.5125
2015,8,August,Friday,01H - 02H,46,0.214953271,432,9.391304348
2015,8,August,Friday,02H - 03H,24,0.1121495327,311,12.95833333
2015,8,August,Friday,03H - 04H,9,0.04205607477,109,12.11111111
2015,8,August,Friday,04H - 05H,9,0.04205607477,53,5.888888889
2015,8,August,Friday,05H - 06H,11,0.05140186916,66,6
2015,8,August,Friday,06H - 07H,195,0.9112149533,2694,13.81538462
2015,8,August,Friday,07H - 08H,573,2.677570093,6412,11.19022688
2015,8,August,Friday,08H - 09H,811,3.789719626,9173,11.3107275
2015,8,August,Friday,09H - 10H,537,2.509345794,7737,14.40782123
2015,8,August,Friday,10H - 11H,296,1.38317757,4250,14.35810811
2015,8,August,Friday,11H - 12H,420,1.962616822,16889,40.21190476
2015,8,August,Friday,12H - 13H,527,2.462616822,17900,33.9658444
2015,8,August,Friday,13H - 14H,409,1.911214953,5463,13.35696822
2015,8,August,Friday,14H - 15H,406,1.897196262,5630,13.86699507
2015,8,August,Friday,15H - 16H,533,2.490654206,7453,13.98311445
2015,8,August,Friday,16H - 17H,573,2.677570093,20095,35.06980803
2015,8,August,Friday,17H - 18H,617,2.88317757,8016,12.99189627
2015,8,August,Friday,18H - 19H,469,2.191588785,25183,53.69509595
2015,8,August,Friday,19H - 20H,383,1.789719626,5449,14.22715405
2015,8,August,Friday,20H - 21H,324,1.514018692,9548,29.4691358
2015,8,August,Friday,21H - 22H,236,1.102803738,3804,16.11864407
2015,8,August,Friday,22H - 23H,175,0.8177570093,2045,11.68571429
2015,8,August,Friday,23H - 24H,110,0.5140186916,1240,11.27272727
2015,8,August,Saturday,00H - 01H,94,0.4392523364,1062,11.29787234
2015,8,August,Saturday,01H - 02H,65,0.3037383178,1724,26.52307692
2015,8,August,Saturday,02H - 03H,66,0.308411215,701,10.62121212
2015,8,August,Saturday,03H - 04H,48,0.2242990654,996,20.75
2015,8,August,Saturday,04H - 05H,39,0.1822429907,605,15.51282051
2015,8,August,Saturday,05H - 06H,28,0.1308411215,283,10.10714286
2015,8,August,Saturday,06H - 07H,27,0.1261682243,406,15.03703704
2015,8,August,Saturday,07H - 08H,32,0.1495327103,246,7.6875
2015,8,August,Saturday,08H - 09H,180,0.8411214953,7660,42.55555556
2015,8,August,Saturday,09H - 10H,167,0.7803738318,6604,39.54491018
2015,8,August,Saturday,10H - 11H,174,0.8130841121,15801,90.81034483
2015,8,August,Saturday,11H - 12H,208,0.9719626168,5001,24.04326923
2015,8,August,Saturday,12H - 13H,271,1.26635514,4945,18.24723247
2015,8,August,Saturday,13H - 14H,264,1.23364486,5767,21.84469697
2015,8,August,Saturday,14H - 15H,237,1.107476636,37113,156.5949367
2015,8,August,Saturday,15H - 16H,276,1.289719626,9084,32.91304348
2015,8,August,Saturday,16H - 17H,286,1.336448598,28237,98.73076923
2015,8,August,Saturday,17H - 18H,254,1.186915888,3897,15.34251969
2015,8,August,Saturday,18H - 19H,294,1.373831776,4202,14.29251701
2015,8,August,Saturday,19H - 20H,302,1.411214953,4196,13.89403974
2015,8,August,Saturday,20H - 21H,298,1.392523364,4523,15.17785235
2015,8,August,Saturday,21H - 22H,263,1.228971963,3518,13.37642586
2015,8,August,Saturday,22H - 23H,173,0.808411215,2440,14.10404624
2015,8,August,Saturday,23H - 24H,102,0.476635514,1266,12.41176471
2015,8,August,Sunday,00H - 01H,97,0.453271028,1140,11.75257732
2015,8,August,Sunday,01H - 02H,61,0.285046729,753,12.3442623
2015,8,August,Sunday,02H - 03H,35,0.1635514019,352,10.05714286
2015,8,August,Sunday,03H - 04H,16,0.07476635514,133,8.3125
2015,8,August,Sunday,04H - 05H,17,0.07943925234,171,10.05882353
2015,8,August,Sunday,05H - 06H,19,0.08878504673,136,7.157894737
2015,8,August,Sunday,06H - 07H,29,0.1355140187,257,8.862068966
2015,8,August,Sunday,07H - 08H,41,0.191588785,471,11.48780488
2015,8,August,Sunday,08H - 09H,177,0.8271028037,2428,13.71751412
2015,8,August,Sunday,09H - 10H,152,0.7102803738,3983,26.20394737
2015,8,August,Sunday,10H - 11H,175,0.8177570093,5552,31.72571429
2015,8,August,Sunday,11H - 12H,243,1.135514019,15695,64.58847737
2015,8,August,Sunday,12H - 13H,282,1.317757009,13810,48.97163121
2015,8,August,Sunday,13H - 14H,289,1.35046729,5116,17.70242215
2015,8,August,Sunday,14H - 15H,261,1.219626168,21903,83.91954023
2015,8,August,Sunday,15H - 16H,339,1.58411215,10597,31.25958702
2015,8,August,Sunday,16H - 17H,357,1.668224299,5330,14.92997199
2015,8,August,Sunday,17H - 18H,330,1.542056075,5067,15.35454545
2015,8,August,Sunday,18H - 19H,358,1.672897196,5102,14.25139665
2015,8,August,Sunday,19H - 20H,391,1.827102804,21678,55.44245524
2015,8,August,Sunday,20H - 21H,375,1.752336449,5328,14.208
2015,8,August,Sunday,21H - 22H,266,1.242990654,3027,11.37969925
2015,8,August,Sunday,22H - 23H,131,0.6121495327,2303,17.58015267
2015,8,August,Sunday,23H - 24H,73,0.3411214953,1005,13.76712329
2015,8,August,Monday,00H - 01H,38,0.1775700935,370,9.736842105
2015,8,August,Monday,01H - 02H,27,0.1261682243,244,9.037037037
2015,8,August,Monday,02H - 03H,9,0.04205607477,64,7.111111111
2015,8,August,Monday,03H - 04H,9,0.04205607477,134,14.88888889
2015,8,August,Monday,04H - 05H,8,0.03738317757,82,10.25
2015,8,August,Monday,05H - 06H,4,0.01869158879,44,11
2015,8,August,Monday,06H - 07H,261,1.219626168,4016,15.38697318
2015,8,August,Monday,07H - 08H,713,3.331775701,8248,11.56802244
2015,8,August,Monday,08H - 09H,1057,4.939252336,11662,11.03311258
2015,8,August,Monday,09H - 10H,643,3.004672897,8539,13.27993779
2015,8,August,Monday,10H - 11H,381,1.780373832,6840,17.95275591
2015,8,August,Monday,11H - 12H,450,2.102803738,28158,62.57333333
2015,8,August,Monday,12H - 13H,612,2.859813084,17739,28.98529412
2015,8,August,Monday,13H - 14H,519,2.425233645,25085,48.33333333
2015,8,August,Monday,14H - 15H,479,2.238317757,6856,14.3131524
2015,8,August,Monday,15H - 16H,413,1.929906542,37805,91.53753027
2015,8,August,Monday,16H - 17H,685,3.200934579,9466,13.8189781
2015,8,August,Monday,17H - 18H,1201,5.612149533,14572,12.13322231
2015,8,August,Monday,18H - 19H,1121,5.238317757,19829,17.68867083
2015,8,August,Monday,19H - 20H,711,3.322429907,9804,13.78902954
2015,8,August,Monday,20H - 21H,633,2.957943925,8555,13.5150079
2015,8,August,Monday,21H - 22H,475,2.219626168,6110,12.86315789
2015,8,August,Monday,22H - 23H,229,1.070093458,3617,15.79475983
2015,8,August,Monday,23H - 24H,125,0.5841121495,1156,9.248
2015,8,August,Tuesday,00H - 01H,65,0.3037383178,659,10.13846154
2015,8,August,Tuesday,01H - 02H,31,0.1448598131,302,9.741935484
2015,8,August,Tuesday,02H - 03H,10,0.04672897196,155,15.5
2015,8,August,Tuesday,03H - 04H,5,0.02336448598,71,14.2
2015,8,August,Tuesday,04H - 05H,4,0.01869158879,38,9.5
2015,8,August,Tuesday,05H - 06H,3,0.01401869159,35,11.66666667
2015,8,August,Tuesday,06H - 07H,206,0.9626168224,3656,17.74757282
2015,8,August,Tuesday,07H - 08H,538,2.514018692,6100,11.33828996
2015,8,August,Tuesday,08H - 09H,871,4.070093458,9577,10.99540758
2015,8,August,Tuesday,09H - 10H,568,2.654205607,7021,12.36091549
2015,8,August,Tuesday,10H - 11H,305,1.425233645,4187,13.72786885
2015,8,August,Tuesday,11H - 12H,390,1.822429907,7009,17.97179487
2015,8,August,Tuesday,12H - 13H,473,2.210280374,75928,160.5243129
2015,8,August,Tuesday,13H - 14H,444,2.074766355,33563,75.59234234
2015,8,August,Tuesday,14H - 15H,409,1.911214953,5114,12.50366748
2015,8,August,Tuesday,15H - 16H,368,1.719626168,7180,19.51086957
2015,8,August,Tuesday,16H - 17H,537,2.509345794,9692,18.04841713
2015,8,August,Tuesday,17H - 18H,909,4.247663551,9921,10.91419142
2015,8,August,Tuesday,18H - 19H,888,4.14953271,11342,12.77252252
2015,8,August,Tuesday,19H - 20H,646,3.018691589,11989,18.55882353
2015,8,August,Tuesday,20H - 21H,461,2.154205607,5944,12.89370933
2015,8,August,Tuesday,21H - 22H,360,1.682242991,36282,100.7833333
2015,8,August,Tuesday,22H - 23H,243,1.135514019,2894,11.90946502
2015,8,August,Tuesday,23H - 24H,147,0.6869158879,1565,10.6462585
2015,9,September,Wednesday,00H - 01H,40,0.1869158879,408,10.2
2015,9,September,Wednesday,01H - 02H,12,0.05607476636,135,11.25
2015,9,September,Wednesday,02H - 03H,4,0.01869158879,22,5.5
2015,9,September,Wednesday,03H - 04H,11,0.05140186916,105,9.545454545
2015,9,September,Wednesday,04H - 05H,8,0.03738317757,80,10
2015,9,September,Wednesday,05H - 06H,9,0.04205607477,82,9.111111111
2015,9,September,Wednesday,06H - 07H,144,0.6728971963,2413,16.75694444
2015,9,September,Wednesday,07H - 08H,486,2.271028037,10643,21.89917695
2015,9,September,Wednesday,08H - 09H,860,4.018691589,14091,16.38488372
2015,9,September,Wednesday,09H - 10H,536,2.504672897,7213,13.45708955
2015,9,September,Wednesday,10H - 11H,368,1.719626168,5400,14.67391304
2015,9,September,Wednesday,11H - 12H,379,1.771028037,4863,12.83113456
2015,9,September,Wednesday,12H - 13H,501,2.341121495,6302,12.57884232
2015,9,September,Wednesday,13H - 14H,314,1.46728972,4257,13.55732484
2015,9,September,Wednesday,14H - 15H,396,1.85046729,4370,11.03535354
2015,9,September,Wednesday,15H - 16H,439,2.051401869,5791,13.19134396
2015,9,September,Wednesday,16H - 17H,616,2.878504673,7075,11.48538961
2015,9,September,Wednesday,17H - 18H,1049,4.901869159,13088,12.47664442
2015,9,September,Wednesday,18H - 19H,940,4.392523364,10855,11.54787234
2015,9,September,Wednesday,19H - 20H,600,2.803738318,15448,25.74666667
2015,9,September,Wednesday,20H - 21H,391,1.827102804,30272,77.42199488
2015,9,September,Wednesday,21H - 22H,259,1.210280374,3052,11.78378378
2015,9,September,Wednesday,22H - 23H,74,0.3457943925,633,8.554054054
2015,9,September,Wednesday,23H - 24H,76,0.3551401869,1193,15.69736842
2015,9,September,Thursday,00H - 01H,60,0.2803738318,1737,28.95
2015,9,September,Thursday,01H - 02H,17,0.07943925234,168,9.882352941
2015,9,September,Thursday,02H - 03H,8,0.03738317757,69,8.625
2015,9,September,Thursday,03H - 04H,5,0.02336448598,24,4.8
2015,9,September,Thursday,04H - 05H,1,0.004672897196,3,3
2015,9,September,Thursday,05H - 06H,10,0.04672897196,80,8
2015,9,September,Thursday,06H - 07H,178,0.8317757009,2789,15.66853933
2015,9,September,Thursday,07H - 08H,523,2.443925234,5621,10.74760994
2015,9,September,Thursday,08H - 09H,793,3.705607477,8725,11.00252207
2015,9,September,Thursday,09H - 10H,539,2.518691589,846613,1570.710575
2015,9,September,Thursday,10H - 11H,359,1.677570093,4551,12.67688022
2015,9,September,Thursday,11H - 12H,435,2.03271028,13889,31.92873563
2015,9,September,Thursday,12H - 13H,498,2.327102804,5146,10.33333333
2015,9,September,Thursday,13H - 14H,459,2.144859813,64265,140.0108932
2015,9,September,Thursday,14H - 15H,433,2.023364486,5106,11.79214781
2015,9,September,Thursday,15H - 16H,451,2.107476636,5608,12.4345898
2015,9,September,Thursday,16H - 17H,667,3.11682243,9202,13.79610195
2015,9,September,Thursday,17H - 18H,1010,4.719626168,13333,13.2009901
2015,9,September,Thursday,18H - 19H,929,4.341121495,11816,12.71905274
2015,9,September,Thursday,19H - 20H,632,2.953271028,10297,16.29272152
2015,9,September,Thursday,20H - 21H,445,2.079439252,39081,87.82247191
2015,9,September,Thursday,21H - 22H,281,1.313084112,3908,13.90747331
2015,9,September,Thursday,22H - 23H,151,0.7056074766,1650,10.92715232
2015,9,September,Thursday,23H - 24H,116,0.5420560748,1035,8.922413793
2015,9,September,Friday,00H - 01H,63,0.2943925234,629,9.984126984
2015,9,September,Friday,01H - 02H,26,0.1214953271,221,8.5
2015,9,September,Friday,02H - 03H,13,0.06074766355,156,12
2015,9,September,Friday,03H - 04H,8,0.03738317757,102,12.75
2015,9,September,Friday,04H - 05H,6,0.02803738318,42,7
2015,9,September,Friday,05H - 06H,10,0.04672897196,47,4.7
2015,9,September,Friday,06H - 07H,165,0.7710280374,3005,18.21212121
2015,9,September,Friday,07H - 08H,591,2.761682243,7286,12.32825719
2015,9,September,Friday,08H - 09H,807,3.771028037,222177,275.3122677
2015,9,September,Friday,09H - 10H,513,2.397196262,6291,12.26315789
2015,9,September,Friday,10H - 11H,383,1.789719626,5287,13.80417755
2015,9,September,Friday,11H - 12H,412,1.925233645,5646,13.7038835
2015,9,September,Friday,12H - 13H,482,2.252336449,42022,87.18257261
2015,9,September,Friday,13H - 14H,374,1.747663551,92351,246.9278075
2015,9,September,Friday,14H - 15H,407,1.901869159,6162,15.14004914
2015,9,September,Friday,15H - 16H,461,2.154205607,6586,14.28633406
2015,9,September,Friday,16H - 17H,507,2.369158879,6887,13.58382643
2015,9,September,Friday,17H - 18H,560,2.61682243,6361,11.35892857
2015,9,September,Friday,18H - 19H,512,2.392523364,6097,11.90820313
2015,9,September,Friday,19H - 20H,356,1.663551402,4709,13.22752809
2015,9,September,Friday,20H - 21H,296,1.38317757,11828,39.95945946
2015,9,September,Friday,21H - 22H,170,0.7943925234,16247,95.57058824
2015,9,September,Friday,22H - 23H,138,0.6448598131,1315,9.528985507
2015,9,September,Friday,23H - 24H,104,0.4859813084,4477,43.04807692
2015,9,September,Saturday,00H - 01H,94,0.4392523364,980,10.42553191
2015,9,September,Saturday,01H - 02H,81,0.3785046729,749,9.24691358
2015,9,September,Saturday,02H - 03H,50,0.2336448598,510,10.2
2015,9,September,Saturday,03H - 04H,47,0.2196261682,496,10.55319149
2015,9,September,Saturday,04H - 05H,44,0.2056074766,397,9.022727273
2015,9,September,Saturday,05H - 06H,19,0.08878504673,140,7.368421053
2015,9,September,Saturday,06H - 07H,14,0.06542056075,148,10.57142857
2015,9,September,Saturday,07H - 08H,39,0.1822429907,318,8.153846154
2015,9,September,Saturday,08H - 09H,100,0.4672897196,1727,17.27
2015,9,September,Saturday,09H - 10H,128,0.5981308411,1679,13.1171875
2015,9,September,Saturday,10H - 11H,158,0.738317757,5041,31.90506329
2015,9,September,Saturday,11H - 12H,169,0.7897196262,2730,16.15384615
2015,9,September,Saturday,12H - 13H,247,1.154205607,10976,44.43724696
2015,9,September,Saturday,13H - 14H,265,1.238317757,3930,14.83018868
2015,9,September,Saturday,14H - 15H,289,1.35046729,13301,46.02422145
2015,9,September,Saturday,15H - 16H,286,1.336448598,28708,100.3776224
2015,9,September,Saturday,16H - 17H,294,1.373831776,3875,13.18027211
2015,9,September,Saturday,17H - 18H,255,1.191588785,4375,17.15686275
2015,9,September,Saturday,18H - 19H,202,0.9439252336,2601,12.87623762
2015,9,September,Saturday,19H - 20H,162,0.7570093458,1949,12.0308642
2015,9,September,Saturday,20H - 21H,137,0.6401869159,1613,11.77372263
2015,9,September,Saturday,21H - 22H,120,0.5607476636,1591,13.25833333
2015,9,September,Saturday,22H - 23H,62,0.2897196262,697,11.24193548
2015,9,September,Saturday,23H - 24H,49,0.2289719626,549,11.20408163
2015,9,September,Sunday,00H - 01H,29,0.1355140187,336,11.5862069
2015,9,September,Sunday,01H - 02H,21,0.09813084112,196,9.333333333
2015,9,September,Sunday,02H - 03H,21,0.09813084112,186,8.857142857
2015,9,September,Sunday,03H - 04H,11,0.05140186916,95,8.636363636
2015,9,September,Sunday,04H - 05H,10,0.04672897196,97,9.7
2015,9,September,Sunday,05H - 06H,5,0.02336448598,41,8.2
2015,9,September,Sunday,06H - 07H,13,0.06074766355,142,10.92307692
2015,9,September,Sunday,07H - 08H,25,0.1168224299,236,9.44
2015,9,September,Sunday,08H - 09H,89,0.4158878505,1888,21.21348315
2015,9,September,Sunday,09H - 10H,92,0.4299065421,2400,26.08695652
2015,9,September,Sunday,10H - 11H,152,0.7102803738,5970,39.27631579
2015,9,September,Sunday,11H - 12H,135,0.6308411215,2210,16.37037037
2015,9,September,Sunday,12H - 13H,196,0.9158878505,6837,34.88265306
2015,9,September,Sunday,13H - 14H,202,0.9439252336,2515,12.45049505
2015,9,September,Sunday,14H - 15H,212,0.9906542056,2854,13.46226415
2015,9,September,Sunday,15H - 16H,204,0.953271028,19787,96.99509804
2015,9,September,Sunday,16H - 17H,167,0.7803738318,1937,11.5988024
2015,9,September,Sunday,17H - 18H,162,0.7570093458,2098,12.95061728
2015,9,September,Sunday,18H - 19H,155,0.7242990654,1737,11.20645161
2015,9,September,Sunday,19H - 20H,127,0.5934579439,1459,11.48818898
2015,9,September,Sunday,20H - 21H,114,0.5327102804,1120,9.824561404
2015,9,September,Sunday,21H - 22H,74,0.3457943925,745,10.06756757
2015,9,September,Sunday,22H - 23H,72,0.3364485981,750,10.41666667
2015,9,September,Sunday,23H - 24H,24,0.1121495327,240,10
2015,9,September,Monday,00H - 01H,24,0.1121495327,386,16.08333333
2015,9,September,Monday,01H - 02H,11,0.05140186916,103,9.363636364
2015,9,September,Monday,02H - 03H,5,0.02336448598,64,12.8
2015,9,September,Monday,03H - 04H,4,0.01869158879,57,14.25
2015,9,September,Monday,04H - 05H,2,0.009345794393,25,12.5
2015,9,September,Monday,05H - 06H,4,0.01869158879,19,4.75
2015,9,September,Monday,06H - 07H,139,0.6495327103,3098,22.28776978
2015,9,September,Monday,07H - 08H,407,1.901869159,5277,12.96560197
2015,9,September,Monday,08H - 09H,578,2.700934579,5405,9.351211073
2015,9,September,Monday,09H - 10H,367,1.714953271,4128,11.2479564
2015,9,September,Monday,10H - 11H,231,1.079439252,3991,17.27705628
2015,9,September,Monday,11H - 12H,355,1.658878505,5417,15.25915493
2015,9,September,Monday,12H - 13H,384,1.794392523,4602,11.984375
2015,9,September,Monday,13H - 14H,339,1.58411215,52089,153.6548673
2015,9,September,Monday,14H - 15H,327,1.528037383,3502,10.70948012
2015,9,September,Monday,15H - 16H,303,1.41588785,14757,48.7029703
2015,9,September,Monday,16H - 17H,501,2.341121495,5913,11.80239521
2015,9,September,Monday,17H - 18H,934,4.364485981,11069,11.85117773
2015,9,September,Monday,18H - 19H,732,3.420560748,8413,11.4931694
2015,9,September,Monday,19H - 20H,443,2.070093458,10828,24.44243792
2015,9,September,Monday,20H - 21H,307,1.434579439,25437,82.85667752
2015,9,September,Monday,21H - 22H,166,0.7757009346,8861,53.37951807
2015,9,September,Monday,22H - 23H,88,0.4112149533,761,8.647727273
2015,9,September,Monday,23H - 24H,26,0.1214953271,194,7.461538462
2015,9,September,Tuesday,00H - 01H,19,0.08878504673,199,10.47368421
2015,9,September,Tuesday,01H - 02H,18,0.08411214953,206,11.44444444
2015,9,September,Tuesday,02H - 03H,5,0.02336448598,34,6.8
2015,9,September,Tuesday,03H - 04H,5,0.02336448598,56,11.2
2015,9,September,Tuesday,04H - 05H,3,0.01401869159,46,15.33333333
2015,9,September,Tuesday,05H - 06H,9,0.04205607477,95,10.55555556
2015,9,September,Tuesday,06H - 07H,230,1.074766355,6641,28.87391304
2015,9,September,Tuesday,07H - 08H,495,2.313084112,5670,11.45454545
2015,9,September,Tuesday,08H - 09H,692,3.23364486,7107,10.27023121
2015,9,September,Tuesday,09H - 10H,496,2.317757009,10828,21.83064516
2015,9,September,Tuesday,10H - 11H,266,1.242990654,4254,15.9924812
2015,9,September,Tuesday,11H - 12H,361,1.686915888,4067,11.26592798
2015,9,September,Tuesday,12H - 13H,493,2.303738318,15332,31.09939148
2015,9,September,Tuesday,13H - 14H,373,1.742990654,3894,10.43967828
2015,9,September,Tuesday,14H - 15H,389,1.817757009,4913,12.62982005
2015,9,September,Tuesday,15H - 16H,314,1.46728972,4289,13.65923567
2015,9,September,Tuesday,16H - 17H,548,2.560747664,7697,14.04562044
2015,9,September,Tuesday,17H - 18H,857,4.004672897,9602,11.2042007
2015,9,September,Tuesday,18H - 19H,808,3.775700935,12257,15.16955446
2015,9,September,Tuesday,19H - 20H,522,2.439252336,12729,24.38505747
2015,9,September,Tuesday,20H - 21H,391,1.827102804,8327,21.29667519
2015,9,September,Tuesday,21H - 22H,211,0.9859813084,7399,35.06635071
2015,9,September,Tuesday,22H - 23H,116,0.5420560748,1151,9.922413793
2015,9,September,Tuesday,23H - 24H,38,0.1775700935,358,9.421052632
2015,10,October,Wednesday,00H - 01H,9,0.04205607477,59,6.555555556
2015,10,October,Wednesday,01H - 02H,10,0.04672897196,102,10.2
2015,10,October,Wednesday,02H - 03H,2,0.009345794393,13,6.5
2015,10,October,Wednesday,03H - 04H,2,0.009345794393,10,5
2015,10,October,Wednesday,06H - 07H,134,0.6261682243,2432,18.14925373
2015,10,October,Wednesday,07H - 08H,275,1.285046729,4298,15.62909091
2015,10,October,Wednesday,08H - 09H,400,1.869158879,4651,11.6275
2015,10,October,Wednesday,09H - 10H,290,1.355140187,6445,22.22413793
2015,10,October,Wednesday,10H - 11H,133,0.6214953271,1448,10.88721805
2015,10,October,Wednesday,11H - 12H,204,0.953271028,134144,657.5686275
2015,10,October,Wednesday,12H - 13H,258,1.205607477,116985,453.4302326
2015,10,October,Wednesday,13H - 14H,204,0.953271028,2833,13.8872549
2015,10,October,Wednesday,14H - 15H,268,1.252336449,5941,22.16791045
2015,10,October,Wednesday,15H - 16H,194,0.9065420561,243387,1254.572165
2015,10,October,Wednesday,16H - 17H,309,1.443925234,5067,16.39805825
2015,10,October,Wednesday,17H - 18H,461,2.154205607,5562,12.06507592
2015,10,October,Wednesday,18H - 19H,404,1.887850467,125371,310.3242574
2015,10,October,Wednesday,19H - 20H,233,1.088785047,122887,527.4120172
2015,10,October,Wednesday,20H - 21H,137,0.6401869159,133936,977.6350365
2015,10,October,Wednesday,21H - 22H,83,0.3878504673,243272,2930.987952
2015,10,October,Wednesday,22H - 23H,44,0.2056074766,353,8.022727273
2015,10,October,Wednesday,23H - 24H,30,0.1401869159,202,6.733333333
2015,10,October,Thursday,00H - 01H,17,0.07943925234,101,5.941176471
2015,10,October,Thursday,01H - 02H,9,0.04205607477,72,8
2015,10,October,Thursday,02H - 03H,1,0.004672897196,4,4
2015,10,October,Thursday,03H - 04H,2,0.009345794393,16,8
2015,10,October,Thursday,05H - 06H,4,0.01869158879,39,9.75
2015,10,October,Thursday,06H - 07H,165,0.7710280374,237625,1440.151515
2015,10,October,Thursday,07H - 08H,417,1.948598131,119600,286.8105516
2015,10,October,Thursday,08H - 09H,492,2.299065421,5052,10.26829268
2015,10,October,Thursday,09H - 10H,391,1.827102804,6774,17.32480818
2015,10,October,Thursday,10H - 11H,272,1.271028037,313427,1152.305147
2015,10,October,Thursday,11H - 12H,264,1.23364486,2490,9.431818182
2015,10,October,Thursday,12H - 13H,383,1.789719626,125504,327.6866841
2015,10,October,Thursday,13H - 14H,309,1.443925234,113840,368.4142395
2015,10,October,Thursday,14H - 15H,314,1.46728972,7640,24.33121019
2015,10,October,Thursday,15H - 16H,280,1.308411215,769594,2748.55
2015,10,October,Thursday,16H - 17H,409,1.911214953,6359,15.54767726
2015,10,October,Thursday,17H - 18H,594,2.775700935,8071,13.58754209
2015,10,October,Thursday,18H - 19H,513,2.397196262,5747,11.20272904
2015,10,October,Thursday,19H - 20H,303,1.41588785,6248,20.62046205
2015,10,October,Thursday,20H - 21H,176,0.8224299065,1649,9.369318182
2015,10,October,Thursday,21H - 22H,102,0.476635514,750,7.352941176
2015,10,October,Thursday,22H - 23H,86,0.4018691589,797,9.26744186
2015,10,October,Thursday,23H - 24H,39,0.1822429907,317,8.128205128
2015,10,October,Friday,00H - 01H,28,0.1308411215,206,7.357142857
2015,10,October,Friday,01H - 02H,13,0.06074766355,128,9.846153846
2015,10,October,Friday,02H - 03H,9,0.04205607477,63,7
2015,10,October,Friday,03H - 04H,3,0.01401869159,21,7
2015,10,October,Friday,05H - 06H,2,0.009345794393,40,20
2015,10,October,Friday,06H - 07H,182,0.8504672897,3872,21.27472527
2015,10,October,Friday,07H - 08H,361,1.686915888,5245,14.52908587
2015,10,October,Friday,08H - 09H,465,2.172897196,5202,11.18709677
2015,10,October,Friday,09H - 10H,328,1.53271028,4183,12.75304878
2015,10,October,Friday,10H - 11H,211,0.9859813084,3407,16.14691943
2015,10,October,Friday,11H - 12H,251,1.172897196,13326,53.09163347
2015,10,October,Friday,12H - 13H,390,1.822429907,683109,1751.561538
2015,10,October,Friday,13H - 14H,260,1.214953271,2014801,7749.234615
2015,10,October,Friday,14H - 15H,305,1.425233645,3635,11.91803279
2015,10,October,Friday,15H - 16H,428,2,7847,18.33411215
2015,10,October,Friday,16H - 17H,392,1.831775701,5136,13.10204082
2015,10,October,Friday,17H - 18H,448,2.093457944,6086,13.58482143
2015,10,October,Friday,18H - 19H,323,1.509345794,3240,10.03095975
2015,10,October,Friday,19H - 20H,222,1.037383178,2096,9.441441441
2015,10,October,Friday,20H - 21H,160,0.7476635514,1214994,7593.7125
2015,10,October,Friday,21H - 22H,132,0.6168224299,1209624,9163.818182
2015,10,October,Friday,22H - 23H,57,0.2663551402,552,9.684210526
2015,10,October,Friday,23H - 24H,45,0.2102803738,440,9.777777778
2015,10,October,Saturday,00H - 01H,50,0.2336448598,470,9.4
2015,10,October,Saturday,01H - 02H,41,0.191588785,388,9.463414634
2015,10,October,Saturday,02H - 03H,35,0.1635514019,385,11
2015,10,October,Saturday,03H - 04H,29,0.1355140187,336,11.5862069
2015,10,October,Saturday,04H - 05H,25,0.1168224299,196,7.84
2015,10,October,Saturday,05H - 06H,11,0.05140186916,88,8
2015,10,October,Saturday,06H - 07H,8,0.03738317757,167,20.875
2015,10,October,Saturday,07H - 08H,11,0.05140186916,315,28.63636364
2015,10,October,Saturday,08H - 09H,125,0.5841121495,4587,36.696
2015,10,October,Saturday,09H - 10H,100,0.4672897196,1849,18.49
2015,10,October,Saturday,10H - 11H,95,0.4439252336,1341,14.11578947
2015,10,October,Saturday,11H - 12H,94,0.4392523364,1237,13.15957447
2015,10,October,Saturday,12H - 13H,164,0.7663551402,2725,16.61585366
2015,10,October,Saturday,13H - 14H,157,0.7336448598,3534,22.50955414
2015,10,October,Saturday,14H - 15H,182,0.8504672897,6606,36.2967033
2015,10,October,Saturday,15H - 16H,206,0.9626168224,1519957,7378.432039
2015,10,October,Saturday,16H - 17H,183,0.8551401869,3450,18.85245902
2015,10,October,Saturday,17H - 18H,181,0.8457943925,2512,13.87845304
2015,10,October,Saturday,18H - 19H,194,0.9065420561,2261,11.65463918
2015,10,October,Saturday,19H - 20H,143,0.6682242991,1389,9.713286713
2015,10,October,Saturday,20H - 21H,117,0.546728972,1259,10.76068376
2015,10,October,Saturday,21H - 22H,93,0.4345794393,888,9.548387097
2015,10,October,Saturday,22H - 23H,56,0.261682243,631,11.26785714
2015,10,October,Saturday,23H - 24H,46,0.214953271,580,12.60869565
2015,10,October,Sunday,00H - 01H,37,0.1728971963,484,13.08108108
2015,10,October,Sunday,01H - 02H,29,0.1355140187,262,9.034482759
2015,10,October,Sunday,02H - 03H,18,0.08411214953,113,6.277777778
2015,10,October,Sunday,03H - 04H,25,0.1168224299,280,11.2
2015,10,October,Sunday,04H - 05H,16,0.07476635514,166,10.375
2015,10,October,Sunday,05H - 06H,12,0.05607476636,67,5.583333333
2015,10,October,Sunday,06H - 07H,8,0.03738317757,45,5.625
2015,10,October,Sunday,07H - 08H,7,0.03271028037,69,9.857142857
2015,10,October,Sunday,08H - 09H,121,0.5654205607,3705,30.61983471
2015,10,October,Sunday,09H - 10H,63,0.2943925234,1744,27.68253968
2015,10,October,Sunday,10H - 11H,68,0.3177570093,948,13.94117647
2015,10,October,Sunday,11H - 12H,98,0.4579439252,2463,25.13265306
2015,10,October,Sunday,12H - 13H,145,0.6775700935,3247,22.39310345
2015,10,October,Sunday,13H - 14H,163,0.761682243,2342,14.36809816
2015,10,October,Sunday,14H - 15H,153,0.714953271,2564,16.75816993
2015,10,October,Sunday,15H - 16H,175,0.8177570093,9745,55.68571429
2015,10,October,Sunday,16H - 17H,133,0.6214953271,1717,12.90977444
2015,10,October,Sunday,17H - 18H,147,0.6869158879,2315,15.74829932
2015,10,October,Sunday,18H - 19H,129,0.6028037383,1496,11.59689922
2015,10,October,Sunday,19H - 20H,76,0.3551401869,756,9.947368421
2015,10,October,Sunday,20H - 21H,83,0.3878504673,1018,12.26506024
2015,10,October,Sunday,21H - 22H,40,0.1869158879,663,16.575
2015,10,October,Sunday,22H - 23H,26,0.1214953271,270,10.38461538
2015,10,October,Sunday,23H - 24H,16,0.07476635514,112,7
2015,10,October,Monday,00H - 01H,11,0.05140186916,80,7.272727273
2015,10,October,Monday,01H - 02H,1,0.004672897196,4,4
2015,10,October,Monday,02H - 03H,5,0.02336448598,48,9.6
2015,10,October,Monday,03H - 04H,5,0.02336448598,46,9.2
2015,10,October,Monday,04H - 05H,1,0.004672897196,21,21
2015,10,October,Monday,05H - 06H,8,0.03738317757,105,13.125
2015,10,October,Monday,06H - 07H,129,0.6028037383,2201,17.0620155
2015,10,October,Monday,07H - 08H,353,1.64953271,6049,17.13597734
2015,10,October,Monday,08H - 09H,480,2.242990654,6102,12.7125
2015,10,October,Monday,09H - 10H,287,1.341121495,5658,19.71428571
2015,10,October,Monday,10H - 11H,183,0.8551401869,125662,686.6775956
2015,10,October,Monday,11H - 12H,218,1.018691589,2711,12.43577982
2015,10,October,Monday,12H - 13H,302,1.411214953,2774,9.185430464
2015,10,October,Monday,13H - 14H,267,1.247663551,6543,24.50561798
2015,10,October,Monday,14H - 15H,249,1.163551402,2811,11.28915663
2015,10,October,Monday,15H - 16H,332,1.551401869,121858,367.0421687
2015,10,October,Monday,16H - 17H,375,1.752336449,5500,14.66666667
2015,10,October,Monday,17H - 18H,560,2.61682243,6633,11.84464286
2015,10,October,Monday,18H - 19H,452,2.112149533,4248,9.398230088
2015,10,October,Monday,19H - 20H,256,1.196261682,7203,28.13671875
2015,10,October,Monday,20H - 21H,193,0.9018691589,270658,1402.373057
2015,10,October,Monday,21H - 22H,128,0.5981308411,2465,19.2578125
2015,10,October,Monday,22H - 23H,49,0.2289719626,470,9.591836735
2015,10,October,Monday,23H - 24H,24,0.1121495327,231,9.625
2015,10,October,Tuesday,00H - 01H,8,0.03738317757,72,9
2015,10,October,Tuesday,01H - 02H,4,0.01869158879,30,7.5
2015,10,October,Tuesday,02H - 03H,2,0.009345794393,12,6
2015,10,October,Tuesday,03H - 04H,1,0.004672897196,3,3
2015,10,October,Tuesday,04H - 05H,1,0.004672897196,4,4
2015,10,October,Tuesday,05H - 06H,2,0.009345794393,12,6
2015,10,October,Tuesday,06H - 07H,134,0.6261682243,3057,22.81343284
2015,10,October,Tuesday,07H - 08H,342,1.598130841,4096,11.97660819
2015,10,October,Tuesday,08H - 09H,448,2.093457944,4832,10.78571429
2015,10,October,Tuesday,09H - 10H,282,1.317757009,6157,21.83333333
2015,10,October,Tuesday,10H - 11H,176,0.8224299065,2348,13.34090909
2015,10,October,Tuesday,11H - 12H,219,1.023364486,2806,12.81278539
2015,10,October,Tuesday,12H - 13H,340,1.588785047,6456,18.98823529
2015,10,October,Tuesday,13H - 14H,205,0.9579439252,4291,20.93170732
2015,10,October,Tuesday,14H - 15H,240,1.121495327,3453,14.3875
2015,10,October,Tuesday,15H - 16H,213,0.9953271028,2661,12.49295775
2015,10,October,Tuesday,16H - 17H,363,1.696261682,5237,14.42699725
2015,10,October,Tuesday,17H - 18H,538,2.514018692,5344,9.933085502
2015,10,October,Tuesday,18H - 19H,450,2.102803738,6203,13.78444444
2015,10,October,Tuesday,19H - 20H,231,1.079439252,4933,21.35497835
2015,10,October,Tuesday,20H - 21H,170,0.7943925234,7654,45.02352941
2015,10,October,Tuesday,21H - 22H,97,0.453271028,1393,14.36082474
2015,10,October,Tuesday,22H - 23H,57,0.2663551402,453,7.947368421
2015,10,October,Tuesday,23H - 24H,20,0.09345794393,128,6.4
2015,11,November,Sunday,00H - 01H,4,0.01869158879,35,8.75
2015,11,November,Sunday,01H - 02H,5,0.02336448598,42,8.4
2015,11,November,Sunday,02H - 03H,4,0.01869158879,56,14
2015,11,November,Sunday,03H - 04H,7,0.03271028037,116,16.57142857
2015,11,November,Sunday,04H - 05H,1,0.004672897196,10,10
2015,11,November,Sunday,05H - 06H,2,0.009345794393,11,5.5
2015,11,November,Sunday,06H - 07H,2,0.009345794393,12,6
2015,11,November,Sunday,07H - 08H,1,0.004672897196,26,26
2015,11,November,Sunday,08H - 09H,17,0.07943925234,223,13.11764706
2015,11,November,Sunday,09H - 10H,27,0.1261682243,397,14.7037037
2015,11,November,Sunday,10H - 11H,18,0.08411214953,224,12.44444444
2015,11,November,Sunday,11H - 12H,7,0.03271028037,57,8.142857143
2015,11,November,Sunday,12H - 13H,16,0.07476635514,163,10.1875
2015,11,November,Sunday,13H - 14H,14,0.06542056075,133,9.5
2015,11,November,Sunday,14H - 15H,17,0.07943925234,204,12
2015,11,November,Sunday,15H - 16H,20,0.09345794393,228,11.4
2015,11,November,Sunday,16H - 17H,29,0.1355140187,364,12.55172414
2015,11,November,Sunday,17H - 18H,10,0.04672897196,111,11.1
2015,11,November,Sunday,18H - 19H,21,0.09813084112,204,9.714285714
2015,11,November,Sunday,19H - 20H,15,0.07009345794,170,11.33333333
2015,11,November,Sunday,20H - 21H,18,0.08411214953,209,11.61111111
2015,11,November,Sunday,21H - 22H,6,0.02803738318,105,17.5
2015,11,November,Sunday,22H - 23H,12,0.05607476636,115,9.583333333
2015,11,November,Sunday,23H - 24H,6,0.02803738318,97,16.16666667
,,Total,,,334158,1561.485981,19653084,58.81374679